Code,Country Name,Continent,Region,Capital,Language,Nation Type,Universal Currency,TLD,Dial,Independent,Independence Year,Governence,Leader,Happiness Rank,Freedom Rank,Press Freedom Rank (2021),Press Freedom Index (2021),Democracy Points,Surface area (km2),Population (2022),Hindus,Islam,Jews,Atheist,Other Groups,Christians,Buddists,Pagen Religions,Covid Cases,Covid Recovered,Covid Deaths,Covid Tests,WHO Regions,Population/ km2,Sex ratio m/100 f,GDP million US$,GDP growth %,GDP/capita US$,Economy: Agriculture %,Economy: Industry %,Economy: Services %,Employment: Agriculture %,Employment: Industry %,Employment: Services %,Unemployment %,Agricultural prod. index,Trade: Exports (million US$),Trade: Imports (million US$),Trade: Balance (million US$),Balance mill US$,Population growth (%),Urban population %,Urban population growth %,Fertility rate,Life expectancy females,Life expectancy males,aged 0-14 %,aged 60+ %,Refugees (in thousands),Infant mortality/1000,Health expenditure/GDP,Health: Doctors/1000,women in parliaments %,Mobile subscriptions/100,Internet users/100,Threatened species (number),CO2 emission Mill Tons,Energy production Petajoules,Acces to clean water urban%,Acces to clean water rural%,Country Main Export,Rank,ISO_Code,Latitude,Longitude
AF,Afghanistan,Asia,Southern and Central Asia,Kabul,Dari,Developing,AFN - Afghani,.af,93,Yes,1919,Islamic Emirate,Mohammad Omar,146,N/A,122,40.19,2.85,652864,41128771,10000,31330000,5000,5000,20000,30000,5000,5000,36896,25840,1298,90396,EasternMediterranean,54.4,106.3,"$20,270.00",-2.4,623.2,23.3,23.3,53.3,61.6,10,28.5,8.6,125,1458,3568,-2110,-5121,3.2,26.7,4,5.3,63.5,61,43.2,4.1,1513.1,68.6,8.2,0.3,27.7,61.6,42,2.1,63,5,45.1,27,Gold,176,AFG,33,65
AL,Albania,Europe,Southern Europe,Tirana,Albanian,Developed,ALL - Lek,.al,355,Yes,1912,Republic,Rexhep Mejdani,90,26,83,30.59,5.89,28748,2842321,5000,2570000,5000,50000,5000,580000,5000,5000,6016,3155,188,38997,Europe,106.9,101.9,"$11,541.00",2.6,3984.2,22.4,26,51.7,41.4,18.3,40.3,15.8,134,1962,4669,-2707,-1222,-0.1,57.4,2.2,1.7,79.9,75.6,17.4,19,8.8,14.6,5.9,1.3,22.9,106.4,130,28.2,84,36,95.5,90.2,Leather Footwear,128,ALB,41,20
DZ,Algeria,Africa,Northern Africa,Algiers,Arabic,Developing,DZD - Algerian Dinar,.dz,213,Yes,1962,Republic,Abdelaziz Bouteflika,96,157,146,47.26,4.01,2381741,44903225,5000,34730000,5000,660000,5000,60000,5000,10000,33626,23238,1273,,Africa,17.3,102,"$164,779.00",3.8,4154.1,12.2,37.3,50.5,10.8,34.5,54.7,11.4,160,29992,47091,-17099,-27229,2,70.7,2.8,3,76.5,74.1,29.3,9.4,99.8,27.7,7.2,0,31.6,113,135,0.8,5900,55,89.8,82.2,Crude Petroleum,68,DZA,28,3
AO,Angola,Africa,Central Africa,Luanda,Portuguese,Developing,AOA - Kwanza,.ao,244,Yes,1975,Republic,José Eduardo dos Santos,N/A,138,103,34.06,3.72,1246700,35588987,5000,40000,5000,980000,5000,17270000,5000,790000,1483,520,64,64747,Africa,23.9,96.2,"$117,955.00",3,4714.1,6.8,51.2,42,4.2,37.6,58.2,6.6,175,21011,8790,12221,-10273,3.5,44.1,5,6,63,57.4,46.8,4,45.7,65.4,3.3,0,38.2,60.8,146,46.5,3902,25,88.6,22.5,Crude Petroleum,74,AGO,-12.5,18.5
AG,Antigua and Barbuda,North America,Caribbean,St. John's,English,Developing,XCD - East Caribbean Dollar,.ag,1-268,Yes,1981,Constitutional Monarchy,Elisabeth II,N/A,N/A,0,0,N/A,442,93763,5000,5000,5000,5000,5000,80000,5000,5000,92,76,3,1500,Americas,231.8,92.3,"$1,356.00",4.1,14764.5,1.9,18.3,79.8,0,0,0,0,88,61,491,-429,-204,1.1,23.8,-0.9,2.1,78.2,73.3,23.9,10.9,0,9.1,5.5,N/A,11.1,137.2,55,22.3,N/A,84,91.4,91.4,Passenger and Cargo Ships,167,ATG,17.05,-61.8
AR,Argentina,South America,South America,Buenos Aires,Spanish,Developing,ARS - Argentine Peso,.ar,54,Yes,1816,Federal Republic,Fernando de la Rúa,57,161,69,28.99,7.02,2780400,45510318,5000,400000,200000,4920000,120000,34420000,20000,330000,228195,99852,4251,794544,Americas,16.2,95.9,"$632,343.00",2.4,14564.5,6,27.8,66.2,2,24.8,73.1,6.5,119,57733,55610,2124,-15944,1,91.8,1,2.3,79.8,72.2,24.9,15.4,5,13.7,4.8,3.8,38.9,143.9,256,10,3167,85,96.2,98.3,Soybean Meal,49,ARG,-34,-64
AM,Armenia,Asia,Middle East,Yerevan,Armenian,Developing,AMD - Armenian Dram,.am,374,Yes,1991,Republic,Robert Kotarjan,82,11,63,28.83,5.54,29743,2780469,5000,5000,5000,40000,5000,3050000,5000,5000,39819,31556,772,171600,Europe,102.9,88.8,"$10,529.00",3,3489.1,19,28.3,52.8,35,15.7,49.3,16.6,135,1776,3230,-1455,-279,0.3,62.7,-0.1,1.6,77,70.6,20,16.9,19.3,13.2,4.5,2.8,9.9,115.2,114,11.7,48,46,96.2,78.2,Copper Ore,126,ARM,40,45
AW,Aruba,North America,Caribbean,Oranjestad,Armenian,Developing,AWG - Aruban Florin,.aw,297,No,0,Territory of The Netherlands,Beatrix,N/A,N/A,N/A,N/A,N/A,180,106445,5000,5000,5000,5000,5000,100000,5000,5000,263,114,3,14047,No Region,584.8,90.4,"$2,702.00",0.1,26005.4,0.5,15.4,84.1,0.6,14,85.1,0,N/A,95,1117,-1022,96,0.5,41.5,-0.3,1.8,77.8,72.9,17.9,19.7,0,14.8,N/A,N/A,N/A,135.7,32,2.3,1,120,97.7,97.7,Refined Petroleum,141,ABW,12.5,-69.9667
AU,Australia,Oceania,Australia and New Zealand,Canberra,English,Developed,AUD - Australian Dollar,.au,61,Yes,1901,Constitutional Monarchy,Elisabeth II,12,6,25,19.79,9.09,7692060,26177413,310000,540000,110000,5390000,180000,14980000,600000,150000,19890,10941,255,4631419,WesternPacific,3.2,99.3,"$1,230,859.00",2.4,51352.2,2.5,26.5,71.1,2.7,21.2,76.1,5.5,111,189630,189406,224,-57746,1.5,89.4,1.5,1.9,84.4,80.2,19,21,58.2,3.9,9.4,3.4,28.7,132.8,948,16.2,15282,222,100,100,Iron Ore,22,AUS,-27,133
AT,Austria,Europe,Western Europe,Vienna,German,Developed,EUR - Euro,.at,43,Yes,1918,Federal Republic,Thomas Klestil,11,33,17,16.34,8.29,83871,8939617,5000,450000,10000,1130000,10000,6750000,20000,5000,21696,19596,719,937275,Europe,106,96.2,"$376,967.00",1,44117.7,1.3,28.3,70.4,4.7,25.6,69.7,6.2,108,145503,149299,-3795,7020,0.6,66,0.4,1.4,83.5,78.4,14.1,25.1,166.4,3.3,11.2,5.2,30.6,157.4,118,46.9,505,158,100,100,Cars,27,AUT,47.3333,13.3333
AZ,Azerbaijan,Asia,Middle East,Baku,Azerbaijani,Developing,AZN - Azerbaijan Manat,.az,994,Yes,1991,Federal Republic,Heydär Äliyev,N/A,119,167,58.77,2.75,86600,10358074,5000,8900000,5000,5000,5000,280000,5000,5000,33247,29275,479,766179,Europe,118.9,99.3,"$53,049.00",0.7,5438.7,6.7,49.9,43.4,36.7,14.2,49.1,5.2,131,9143,8532,611,-222,1.3,54.6,1.6,2.1,74.6,68.6,23.3,10.1,623.3,31.4,6,3.4,16.8,111.3,97,13.5,2459,61,91.6,86.6,Crude Petroleum,83,AZE,40.5,47.5
BS,Bahamas,North America,Caribbean,Nassau,English,Developing,BSD - Bahamian Dollar,.bs,1-242,Yes,1973,Constitutional Monarchy,Elisabeth II,N/A,N/A,N/A,N/A,N/A,13940,409984,5000,5000,5000,10000,5000,330000,5000,5000,761,91,14,4814,Americas,39.5,95.9,"$8,854.00",-1.7,22817.2,1.6,12.7,85.7,3.9,14.2,81.9,14.7,132,365,2904,-2539,-1409,1.4,82.9,1.5,1.8,78.1,72,20.5,13.5,0.1,9.1,7.7,0,13.2,80.3,86,51.4,0,90,92,92,Passenger and Cargo Ships,140,BHS,24.25,-76
BH,Bahrain,Asia,Middle East,Manama,Arabic,Developing,BHD - Bahraini Dinar,.bh,973,Yes,1971,Monarchy (Emirate),Hamad ibn Isa al-Khalifa,21,39,168,61.1,2.55,771,1472233,120000,890000,5000,20000,5000,180000,30000,5000,42889,39945,156,876700,EasternMediterranean,1963.9,168.3,"$31,126.00",2.9,22600.2,0.3,40.7,59,1,33.4,65.6,1.3,167,12892,14749,-1856,1124,2,88.8,1.7,2.1,77.5,75.6,19.7,4.6,0.4,6.9,5,0.9,7.5,185.3,36,0.8,961,413,99.2,99.2,Refined Petroleum,66,BHR,26,50.55
BD,Bangladesh,Asia,Southern and Central Asia,Dhaka,Bangla,Developing,BDT - Taka,.bd,880,Yes,1971,Republic,Shahabuddin Ahmad,94,139,152,49.71,5.88,147570,171186372,12680000,134430000,5000,5000,100000,450000,920000,100000,249651,143824,3306,1225124,South-EastAsia,1265,101.7,"$194,466.00",6.6,1207.9,15.5,28.1,56.3,40.6,19.1,40.3,4,141,36031,52624,-16593,2687,1.2,34.3,3.6,2.2,72.9,69.8,28.4,7.3,233,33.3,2.8,0.4,20.3,83.4,151,11,1438,11,57.7,62.1,Non-Knit Men's Suits,61,BGD,24,90
BB,Barbados,North America,Caribbean,Bridgetown,English,Developing,BBD - Barbados Dollar,.bb,1-246,Yes,1966,Constitutional Monarchy,Elisabeth II,N/A,72,N/A,N/A,N/A,431,281635,5000,5000,5000,5000,5000,260000,5000,5000,133,100,7,12233,Americas,664.5,91.9,"$4,385.00",0.9,15429.4,1.7,12.1,86.2,2.8,19.3,77.9,11.3,88,517,1621,-1104,-248,0.3,31.5,0.1,1.8,77.7,72.9,19.1,21,0,9.6,7.5,0,16.7,116.5,56,14.7,2,59,96.2,96.2,Hard Liquor,144,BRB,13.1667,-59.5333
BY,Belarus,Europe,Eastern Europe,Minsk,Belorussian,Developed,BYN - Belarusian Ruble,.by,375,Yes,1991,Republic,Aljaksandr Lukaenka,N/A,83,158,50.82,2.88,207600,9534954,5000,20000,5000,2740000,5000,6830000,5000,5000,68503,63756,580,1344303,Europe,46.7,87,"$54,609.00",-3.9,5750.8,7.5,38.9,53.6,9.6,32,58.4,0.5,122,23414,27464,-4050,-2037,0,76.7,0,1.6,77.7,66.5,16.7,21.3,7.9,3.6,5.7,4.1,34.5,123.6,25,42.5,155,122,94.1,95.2,Refined Petroleum,64,BLR,53,28
BE,Belgium,Europe,Western Europe,Brussels,Dutch,Developed,EUR - Euro,.be,32,Yes,1830,Constitutional Monarchy,Albert II,19,46,11,11.69,7.64,30528,11655930,5000,630000,30000,3110000,10000,6880000,30000,20000,71158,17661,9859,1767120,Europe,377.5,97.3,"$455,107.00",1.5,40277.8,0.7,22.2,77.1,1.2,21.2,77.6,8.3,108,398033,372713,25321,1936,0.6,97.9,0.5,1.8,83,78,17.1,24.6,63.8,3.5,10.6,3,38,115.7,37,22.6,520,196,99.5,99.4,Cars,17,BEL,50.8333,4
BZ,Belize,North America,Central America,Belmopan,English,Developing,BZD - Belize Dollar,.bz,501,Yes,1981,Constitutional Monarchy,Elisabeth II,N/A,118,53,27.61,N/A,22966,405272,5000,5000,5000,30000,5000,270000,5000,5000,86,31,2,3679,Americas,16.4,99.2,"$1,721.00",1.2,4789.4,14.6,18.5,66.9,16.1,15.9,67.9,11.5,97,246,952,-706,-175,2.2,44,1.9,2.6,72.7,67.2,31.4,6.2,3.1,14.3,5.8,0,9.4,48.9,117,60.1,9,36,93.5,88.2,Raw Sugar,168,BLZ,17.25,-88.75
BJ,Benin,Africa,Western Africa,Porto-Novo,French,Developing,XOF - CFA Franc BCEAO,.bj,229,Yes,1960,Republic,Mathieu Kérékou,115,106,114,38.18,5.09,114763,13352864,5000,2110000,5000,450000,5000,4690000,5000,1600000,1936,1600,38,93677,Africa,99.1,99.5,"$8,476.00",5.2,779.1,23.2,24.9,51.9,43.2,10.2,46.6,1,152,410,2630,-2220,-885,2.8,44,3.7,5.2,61.4,58.5,42.7,5,0.8,67.7,4.6,0.1,7.2,85.6,88,38.7,96,17,35.6,7.3,Raw Cotton,133,BEN,9.5,2.25
BM,Bermuda,North America,North America,Hamilton,French,Developed,BMD - Bermudian Dollar,.bm,1-441,No,0,Dependent Territory of the UK,Elisabeth II,N/A,N/A,N/A,N/A,N/A,53,64184,5000,5000,5000,10000,5000,50000,5000,5000,157,144,9,26352,Americas,1227,91.4,"$5,853.00",0.4,94399.9,0.7,5.3,94,1.6,10.3,87.6,6.7,115,8,971,-963,817,-0.6,100,0.2,1.5,85.1,77.5,14.8,24.9,0,N/A,N/A,N/A,N/A,58,72,20,1,136,N/A,, Planes Helicopters and/or Spacecraft,202,BMU,32.3333,-64.75
BT,Bhutan,Asia,Southern and Central Asia,Thimphu,Dzongkha,Developing,"INR,BTN - Indian Rupee,Ngultrum",.bt,975,Yes,1910,Monarchy,Jigme Singye Wangchuk,N/A,110,65,28.86,5.3,38394,782455,160000,5000,5000,5000,5000,5000,540000,10000,105,93,,54589,South-EastAsia,21.2,113.1,"$2,074.00",5.2,2677.1,17.2,43.9,38.8,56.6,9.7,33.7,2.4,98,616,1688,-1072,-579,1.6,38.6,3.7,2.2,68.9,68.6,26.5,7.3,0,30.5,3.6,0.3,8.5,87.1,71,72,75,82,77.9,33.1,Ferroalloys,165,BTN,27.5,90.5
BO,Bolivia,South America,South America,Sucre,Spanish,Developing,BOB - Boliviano,.bo,591,Yes,1825,Republic,Hugo Bánzer Suárez,71,123,110,35.47,4.84,1098581,12224110,5000,5000,5000,400000,100000,9330000,5000,90000,86423,27373,3465,183583,Americas,10.2,100.2,"$32,998.00",4.8,3076.8,12.6,31,56.5,29.5,21.1,49.4,3.8,142,6969,8374,-1405,-1854,1.6,68.5,2.3,3,70.2,65.3,31.6,9.5,0.8,42.9,6.3,0.5,53.1,92.2,231,50.8,962,32,60.8,27.5,Petroleum Gas,102,BOL,-17,-65
BA,Bosnia and Herzegovina,Europe,Southern Europe,Sarajevo,Bosnian,Developed,BAM - Convertible Mark,.ba,387,Yes,1992,Federal Republic,Ante Jelavic,67,89,58,28.34,N/A,51209,3233526,5000,1700000,5000,90000,5000,1970000,5000,5000,13396,7042,384,147021,Europe,68.8,96.4,"$16,251.00",3.1,4265,7.3,26.5,66.2,18,30.4,51.7,25.4,96,5327,9130,-3803,-923,-1,39.8,0.1,1.3,78.8,73.7,14.1,23.4,157.6,7.6,9.6,1.9,21.4,90.2,91,42.7,252,85,98.9,92,Electricity,107,BIH,44,18
BW,Botswana,Africa,Southern Africa,Gaborone,English,Developing,BWP - Pula,.bw,267,Yes,1966,Republic,Festus G. Mogae,N/A,49,38,23.25,7.81,582000,2630296,5000,5000,5000,410000,10000,1450000,5000,120000,804,63,2,68423,Africa,4,97.7,"$14,391.00",-0.3,6360.6,2.4,33.4,64.2,25.7,14.9,59.4,18.6,110,7321,6103,1218,1120,1.8,57.4,1.3,2.9,66.1,59.8,31.4,6.4,2.8,35.2,5.4,0.4,9.5,169,28,19.3,47,44,78.5,43.1,Diamonds,122,BWA,-22,24
BR,Brazil,South America,South America,Brasilia,Portuguese,Developing,BRL - Brazilian Real,.br,55,Yes,1822,Federal Republic,Fernando Henrique Cardoso,38,114,111,36.25,6.86,8515767,215313498,5000,40000,110000,15410000,300000,173300000,250000,5540000,2917562,2047660,98644,13206188,Americas,25,96.6,"$1,772,591.00",-3.8,8528.3,5.2,22.7,72,15.2,21.5,63.2,12.4,135,185235,137552,47683,-58882,0.9,85.7,1.2,1.8,78.4,71,21.7,12.6,41.1,15.8,8.3,1.9,10.7,126.6,990,59.2,10948,61,88,51.5,Soybeans,25,BRA,-10,-55
BN,Brunei Darussalam,Asia,South East Asia,Bandar Seri Begawan,Malay,Developing,BND - Brunei Dollar,.bn,673,Yes,N/A,No Data,No Data,N/A,59,154,49.91,N/A,5765,449002,5000,300000,5000,5000,5000,40000,30000,20000,N/A,N/A,N/A,N/A,No Region,81.3,106,"$12,930.00",-0.6,30552.7,1.1,60.2,38.7,0.6,19.4,80.1,2.1,157,4875,2679,2197,2071,1.4,77.2,1.8,1.9,78.4,75.1,23,8,20.5,6.5,2.6,1.5,9.1,108.1,193,72.1,679,357,N/A,,Petroleum Gas,106,BRN,4.5,114.6667
BG,Bulgaria,Europe,Eastern Europe,Sofia,Bulgarian,Developed,BGN - Bulgarian Lev,.bg,359,Yes,1908,Republic,Petar Stojanov,85,23,112,37.29,7.03,111002,6781953,5000,1020000,5000,310000,5000,6150000,5000,5000,13014,7374,435,294087,Europe,65.3,94.6,"$48,953.00",3,6846.8,5.1,27.6,67.2,6.5,29.4,64.1,8.1,117,26088,28875,-2787,196,-0.6,73.9,-0.3,1.5,77.8,70.8,14.2,27.7,33.7,8.3,8.4,4,19.2,129.3,104,35.1,474,103,86.8,83.7,Refined Petroleum,62,BGR,43,25
BF,Burkina Faso,Africa,Western Africa,Ouagadougou,French,Developing,XOF - CFA Franc BCEAO,.bf,226,Yes,1960,Republic,Blaise Compaoré,113,123,37,23.17,4.04,272967,22673762,5000,10150000,5000,70000,5000,3710000,5000,2530000,1158,961,54,,Africa,70.2,99.5,"$11,065.00",4.1,611.1,34.5,21.8,43.7,80,4.9,15.1,2.9,131,2019,3699,-1680,N/A8,3,29.9,5.9,5.6,59.3,58,45.2,3.9,32.7,64.8,5,~0.0,11,80.6,31,19.8,123,9,50.4,6.7,Gold,123,BFA,13,-2
BI,Burundi,Africa,Eastern Africa,Bujumbura,Kirundi,Developing,BIF - Burundi Franc,.bi,257,Yes,1962,Republic,Pierre Buyoya,N/A,147,147,47.57,2.15,27830,12889576,5000,230000,5000,5000,5000,7670000,5000,480000,395,304,1,15614,Africa,423.1,96.9,"$2,735.00",-4.1,244.6,36.3,13.9,49.8,91.1,2.6,6.3,1.7,109,123,625,-502,-375,3,12.1,5.7,6,58,54.2,45,4.4,103.2,77.8,7.5,0,36.4,46.2,61,10.6,56,6,43.8,48.6,Gold,183,BDI,-3.5,30
CV,Cabo Verde,Africa,Western Africa,Praia,Kirundi,Developing,CVE - Cabo Verde Escudo,.cv,238,Yes,N/A,No Data,No Data,N/A,30,27,20.09,7.78,4033,593149,5000,5000,5000,50000,5000,440000,5000,5000,2734,2010,27,61633,Africa,135.6,99.3,"$1,603.00",1.5,3080.2,9.5,19.8,70.7,27.2,11.5,61.3,10.5,98,29,485,-455,-73,1.2,65.5,2,2.5,74,70.1,30.2,6.9,0.1,22.5,4.8,0.3,23.6,127.2,65,22.1,2,17,81.6,54.3,Processed Fish,172,CPV,16,-24
KH,Cambodia,Asia,Southeast Asia,Phnom Penh,Khmer,Developing,KHR - Riel,.kh,855,Yes,1953,Constitutional Monarchy,Norodom Sihanouk,114,63,144,46.84,3.53,181035,16767842,5000,280000,5000,30000,5000,50000,13690000,80000,243,210,,67807,WesternPacific,90.7,95.3,"$18,050.00",7,1158.7,28.2,29.4,42.3,42.4,19.6,38,0.3,175,13204,15313,-2109,-1657,1.6,20.7,2.6,2.7,69.6,65.5,31.3,7.1,0.3,29.9,5.7,0.2,20.3,133,255,54.3,178,17,88.1,30.5,Knit Sweaters,82,KHM,13,105
CM,Cameroon,Africa,Central Africa,Yaounde,French,Developing,XAF - CFA Franc BEAC,.cm,237,Yes,1960,Republic,Paul Biya,102,144,135,43.78,2.85,475650,27914536,5000,3590000,5000,1050000,530000,13780000,5000,650000,17718,15320,391,149000,Africa,50.9,100.2,"$28,416.00",5.8,1217.3,22.7,28.3,49.1,61.8,8.7,29.5,4.6,155,2130,4899,-2768,-1173,2.7,54.4,3.6,5,57.7,55.1,42.7,4.8,544.9,67.5,4.1,0,31.1,71.8,775,40.3,408,14,61.8,26.8,Crude Petroleum,112,CMR,6,12
CA,Canada,North America,North America,Ottawa,English,Developed,CAD - Canadian Dollar,.ca,1,Yes,1867,"Constitutional Monarchy, Federation",Elisabeth II,15,14,14,15.25,9.22,9984670,38454327,470000,710000,350000,8050000,300000,23470000,280000,390000,118561,103106,8966,4319172,Americas,4,98.5,"$1,552,808.00",0.9,43205.6,1.8,28.6,69.6,2.1,19.5,78.4,7.1,109,388911,402954,-14043,-53083,1,81.8,1.2,1.6,83.8,79.7,16,23.5,155.8,4.7,10.4,2.5,26.3,81.9,122,38.2,19276,324,100,99,Crude Petroleum,14,CAN,60,-95
CF,Central African Republic,Africa,Central Africa,Bangui,French,Developing,XAF - CFA Franc BEAC,.cf,236,Yes,1960,Republic,Ange-Félix Patassé,N/A,155,126,41.92,1.32,622984,5579144,5000,370000,5000,40000,5000,3940000,5000,40000,N/A,N/A,N/A,N/A,No Region,7.5,97.3,"$1,633.00",4.8,333.2,34.9,24.8,40.4,72.2,4.3,23.4,6.9,114,213,147,66,N/A,0.4,40,2.6,5.1,51,47.8,43.2,5.5,470.5,93.5,4.2,0,8.6,20.4,60,35.6,19,5,43.6,7.2,Rough Wood,173,CAF,7,21
TD,Chad,Africa,Central Africa,N'Djamena,French,Developing,XAF - CFA Franc BEAC,.td,235,Yes,1960,Republic,Idriss Déby,N/A,152,123,40.2,1.61,1284000,17723315,5000,6210000,5000,280000,20000,4560000,5000,160000,942,838,76,,Africa,11.8,100.2,"$10,009.00",6.6,713,25.4,39,35.6,76.6,2,21.4,5.8,146,1990,1371,619,N/A,3.3,22.5,3.4,6.3,52.8,50.5,47.1,4,512.3,91.2,3.6,~0.0,12.8,40.2,43,4,288,6,31.4,6.5,Crude Petroleum,135,TCD,15,19
CL,Chile,South America,South America,Santiago,Spanish,Developing,CLP - Chilean Peso,.cl,56,Yes,1810,Republic,Ricardo Lagos Escobar,44,33,54,27.89,8.08,756102,19603733,5000,5000,20000,1470000,30000,15300000,10000,260000,366671,340168,9889,1760615,Americas,24.3,98.2,"$240,796.00",2.3,13416.2,3.9,32.8,63.3,9.6,22.9,67.5,6.8,111,59884,58804,1080,-4761,0.9,89.5,1.1,1.8,81.3,76.2,20.3,16,3.7,7.4,7.8,0,15.8,129.5,197,23.4,540,85,100,90.9,Copper Ore,46,CHL,-30,-71
HK,Hong Kong,Asia,Eastern Asia,Hong Kong,Spanish,Developing,HKD - Hong Kong Dollar,.hk,852,No,0,Special Administrative Region of China,Jiang Zemin,N/A,N/A,N/A,N/A,6.02,1106,7488865,30000,130000,5000,3950000,110000,1010000,930000,900000,3850,2458,46,692430,WesternPacific,7365,7014.2,$85.10,309236,2.4,42431,0.1,7.2,92.7,0.2,14.9,84.9,52.6/67.8,34,516588,547124,-30536,10101,0.6,100,0.7,1.2,,86.4,80.5,0,2.5,1.6,N/A,73.7/63.5,N/A,84.9,64,46.2/6.4,N/A,N/A,,Gold,8,HKG,22.25,114.1667
MO,Macao,Asia,Eastern Asia,Macao,Luxermbourgish,Developing,MOP - Pataca,.mo,853,No,0,Special Administrative Region of China,Jiang Zemin,N/A,N/A,N/A,N/A,N/A,30,695168,5000,5000,5000,80000,5000,40000,90000,320000,46,46,,4071,No Region,623,20821.6,$92.30,46178,-20.3,78586.4,N/A,6.6,93.4,0.3,17.7,82.1,65.6/76.4,86,1257,8924,-7668,11557,2.3,100,1.8,1.2,,86.2,80.3,0,~0.0,3,N/A,86.3/65.2,N/A,77.6,11,1.3/2.2,2,N/A,,Jewellery,102,#N/A,#N/A,#N/A
CN,China,Asia,Eastern Asia,Beijing,Standard,Developing,CNY - Yuan Renminbi,.cn,86,Yes,N/A,People's Republic,Jiang Zemin,72,116,177,78.72,2.26,9600000,1425887337,20000,24690000,5000,700680000,9080000,68410000,244110000,294300000,N/A,N/A,N/A,N/A,No Region,150.1,106.3,"$11,158,457.00",6.9,8109.1,9.2,41.1,49.7,27,23.9,49.1,4.6,132,2118981,1588696,530285,330602,0.5,55.6,3,1.6,77.2,74.2,17.7,16.2,301.7,11.6,5.5,1.5,23.7,93.2,1080,22,101394,87,86.6,63.7,Broadcasting Equipment,1,CHN,35,105
CO,Colombia,South America,South America,Bogota,Spanish,Developing,COP - Colombian Peso,.co,57,Yes,1810,Republic,Andrés Pastrana Arango,66,99,134,43.74,7.13,1141748,51874024,5000,10000,5000,3050000,40000,42810000,5000,370000,357710,192355,11939,1801835,Americas,44.2,96.8,"$292,080.00",3.1,6056.1,6.8,34,59.2,13.5,16.6,69.9,10.5,114,31045,44831,-13786,-18922,1,76.4,1.7,1.9,77.4,70.2,23.5,11.6,7127,17.9,7.2,0,18.7,115.7,835,52.8,5380,31,85.2,67.9,Crude Petroleum,65,COL,4,-72
KM,Comoros,Africa,Eastern Africa,Moroni,Arabic,Developing,KMF - Comorian Franc,.km,269,Yes,1975,Republic,Azali Assoumani,N/A,115,84,30.65,3.15,2235,836774,5000,720000,5000,5000,5000,5000,5000,5000,396,340,7,,Africa,437.4,101.8,"$1,079.00",4.8,1368.9,30.7,4,65.3,62,5.2,32.8,20,107,20,193,-173,0,2.4,28.3,2.7,4.6,64.5,61.2,39.8,4.9,0,58.1,6.7,0,6.1,54.8,114,20.1,3,6,48.3,30.9,Cloves,188,COM,-12.1667,44.25
CD,Congo - Brazzaville,Africa,Central Africa,Brazzaville,Democratic,Developing,XAF - CFA Franc BEAC,.cg,242,Yes,1960,Republic,Denis Sassou-Nguesso,99,N/A,N/A,N/A,N/A,342000,99010212,30000,970000,5000,1170000,100000,63210000,5000,490000,3546,1589,58,,Africa,15.4,100.1,"$8,493.00",1.2,1838.1,4.7,70,25.3,40.7,25.8,33.5,11.5,106,2540,9793,-7253,0,2.6,65.4,3.2,4.9,64.1,61,42.3,5.2,54.9,46.5,5.2,0,7.4,111.7,134,65.4,648,24,20,5.6,Refined Copper,86,COD,0,25
CK,Cook Islands,Oceania,Polynesia,Avarua,Republic,Developing,NZD - New Zealand Dollar,.ck,682,No,0,Territory of New Zealand,Elisabeth II,N/A,N/A,N/A,N/A,N/A,236,17011,5000,5000,5000,5000,5000,20000,5000,5000,N/A,N/A,N/A,N/A,No Region,72.4,97.4,$294.00,5.5,14118.7,8.1,9,82.9,4.3,11.7,84,8.2,91,14,98,-84,N/A,-1.2,74.5,0.9,2.6,79.6,71.7,26.9,14.2,0,3.6,3.4,0,N/A,N/A,75,62.9,N/A,48,97.6,97.6,Non-fillet Frozen Fish,209,COK,-21.2333,-159.7667
CR,Costa Rica,North America,Central America,San Jose,Spanish,Developing,CRC - Costa Rican Colon,.cr,506,Yes,1821,Republic,Miguel Ángel Rodríguez Echeverría,23,29,5,8.76,8.13,51100,5180829,5000,5000,5000,370000,10000,4230000,5000,40000,21070,7038,200,96110,Americas,96.1,100.1,"$52,958.00",3.7,11015,5.1,21.5,73.4,11.6,19.1,69.3,8.6,127,9908,15322,-5414,-2493,1.1,76.8,2.7,1.9,81.7,76.7,21.6,13.6,10.1,9.3,9.3,1.2,35.1,150.7,340,53.4,110,44,95.2,92.3,Medical Instruments,79,CRI,10,-84
HR,Croatia,Europe,Southern Europe,Zagreb,Croatian,Developed,HRK - Kuna,.hr,385,Yes,1991,Republic,tipe Mesic,47,61,56,27.95,6.57,56594,4030358,5000,60000,5000,230000,5000,4110000,5000,5000,5404,4688,155,125317,Europe,74.9,93.1,"$48,676.00",1.6,11479.4,4.1,26.6,69.3,9.2,26.8,64,11.7,91,13648,21830,-8182,2492,-0.4,59,0.1,1.5,80.4,73.6,14.7,26.8,15.5,3.9,7.8,3.1,19.9,103.8,176,34.3,182,79,97.8,95.8,Refined Petroleum,70,HRV,45.1667,15.5
CU,Cuba,North America,Caribbean,Havana,Spanish,Developing,"CUP,CUC - Cuban Peso,Peso Convertible",.cu,53,Yes,1902,Socialistic Republic,Fidel Castro Ruz,N/A,N/A,171,63.94,2.84,109884,11212191,20000,5000,5000,2590000,5000,6670000,5000,1960000,2775,2409,88,285471,Americas,107.9,100.1,"$87,206.00",4.4,7656.6,5,20.5,74.5,12.9,11.7,75.3,3,100,18000,4911,13089,N/A,0.2,77.1,0.1,1.7,81.3,77.1,16,20.1,0.4,5.5,11.1,7.5,48.9,29.6,339,30.2,212,47,94.4,89.1,Rolled Tobacco,96,CUB,21.5,-80
CY,Cyprus,Asia,Middle East,Nicosia,Greek,Developed,EUR - Euro,.cy,357,Yes,1960,Republic,Glafkos Klerides,41,38,26,19.85,7.59,9251,1251488,5000,280000,5000,10000,5000,810000,5000,5000,1208,856,19,216597,Europe,127.7,100.2,"$19,561.00",1.7,21941.9,2.3,10.6,87.2,4.1,16.7,79.2,10.3,80,1920,6604,-4684,-576,0.9,66.9,0.9,1.4,82.2,77.7,16.8,18.5,16.2,4.2,7.4,2.5,17.9,95.4,72,18.7,5,72,100,100,Passenger and Cargo Ships,81,CYP,35,33
CZ,Czechia,Europe,Eastern Europe,Prague,Czech,Developed,CZK - Czech Koruna,.cz,420,Yes,N/A,No Data,No Data,18,N/A,N/A,N/A,N/A,78868,10493986,5000,5000,5000,8020000,5000,2450000,5000,5000,17731,12320,390,728670,Europe,137.5,96.7,"$185,156.00",4.5,17561.7,2.5,37.8,59.7,2.5,37,60.5,3.9,102,161248,140316,20932,1683,0.1,73,0.3,1.5,81.2,75.1,15.4,25.6,6,2.5,7.4,3.7,20,129.2,53,34.5,1221,164,99.1,99.2,Cars,33,CZE,49.75,15.5
KP,North Korea,Asia,Eastern Asia,Pyongyang,Czech,Developing,KPW - North Korean Won,.kp,850,Yes,1948,Socialistic Republic,Kim Jong-il,N/A,N/A,N/A,N/A,1.08,120538,26069416,5000,5000,5000,17350000,3140000,480000,370000,3000000,N/A,N/A,N/A,N/A,No Region,211.7,95.7,"$16,283.00",-1.1,648,21.6,46.2,32.2,58.9,19.3,21.8,4.3,104,1010,2757,-1748,N/A,0.5,60.9,0.7,2,74.1,67.2,20.6,13.5,0,18.5,N/A,2.8,16.3,12.9,78,42.8,871,20,87.9,72.5,Watch Movements,191,PRK,40,127
CG,Congo - Kinshasa,Africa,Central Africa,Kinshasa,Czech,Developing,CDF - Congolese Franc,.cd,243,Yes,1960,Republic,Denis Sassou-Nguesso,99,N/A,N/A,N/A,N/A,2344858,5970424,5000,50000,5000,360000,40000,3470000,5000,110000,3546,1589,58,,Africa,35.9,99.6,"$37,569.00",7,486.2,19.9,44.2,35.9,65.3,5.9,28.9,3.6,104,5103,5906,-803,-1546,3.3,42.5,4,6.4,59.5,56.7,46.3,4.7,2163.3,73.2,4.3,0,8.9,53,349,67.4,1179,16,28.5,28.7,Crude Petroleum,115,COG,-1,15
DK,Denmark,Europe,Nordic Countries,Copenhagen,Danish,Developed,DKK - Danish Krone,.dk,45,Yes,800,Constitutional Monarchy,Margrethe II,2,5,4,8.57,9.22,42921,5882261,20000,230000,5000,650000,5000,4630000,10000,5000,14306,12787,617,1654512,Europe,135.1,99,"$301,308.00",1.6,53149.3,1.2,22.9,75.8,2.4,19.2,78.4,6,105,94355,85133,9222,27582,0.5,87.7,0.6,1.7,82.2,78.1,16.5,25.3,48.2,3.5,10.8,3.6,37.4,128.3,47,14.4,666,119,99.6,99.6,Packaged Medicaments,30,DNK,56,10
DJ,Djibouti,Africa,Eastern Africa,Djibouti,French,Developing,DJF - Djibouti Franc,.dj,253,Yes,1977,Republic,Ismail Omar Guelleh,N/A,119,176,78.62,2.77,23200,1120849,5000,860000,5000,5000,5000,20000,5000,5000,5330,5057,59,59909,EasternMediterranean,41.3,100.7,"$1,737.00",6.5,1956.3,3.3,21.4,75.3,22.8,23.9,53.2,6.6,133,134,987,-852,-548,1.7,77.3,1.6,3.1,63.2,60,31.1,6.4,19.9,55.3,10.6,0.2,10.8,34.7,98,0.2,3,13,59.8,5.1,Other Animals,119,DJI,11.5,43
DO,Dominican Republic,North America,Caribbean,Santo Domingo,Spanish,Developing,DOP - Dominican Peso,.do,"1-809,1-829,1-849",Yes,1844,Republic,Hipólito Mejía Domínguez,69,48,50,25.6,6.54,48671,11228821,5000,5000,5000,1080000,10000,8740000,5000,90000,76536,40539,1246,281926,Americas,222.8,99.2,"$67,103.00",7,6373.6,6.6,28,65.4,13.1,16.9,70,14.4,136,3747,22725,-18978,-1335,1.2,79,2.6,2.5,76.4,70.2,29.3,10.2,1.3,25.1,4.4,1.5,26.8,82.6,184,40.4,28,28,86.2,75.7,Gold,85,DOM,19,-70.6667
EC,Ecuador,South America,South America,Quito,Spanish,Developing,USD - US Dollar,.ec,593,Yes,1822,Republic,Gustavo Noboa Bejarano,76,106,96,32.83,6.33,257217,18001000,5000,5000,5000,800000,5000,13610000,5000,40000,90537,71318,5877,258582,Americas,66.9,99.9,"$100,177.00",0.2,6205.1,10.1,34.1,55.8,25.7,19.2,55.1,5.8,118,16798,16189,609,-2201,1.6,63.7,1.9,2.6,78.4,72.8,28.4,10.5,133.1,21.1,9.2,1.7,41.6,79.4,2358,50.8,1247,42,87,80.7,Crude Petroleum,72,ECU,-2,-77.5
EG,Egypt,Africa,Northern Africa,Cairo,Arabic,Developing,EGP - Egyptian Pound,.eg,20,Yes,1922,Republic,Hosni Mubarak,129,N/A,N/A,N/A,3.06,1002000,110990103,5000,76990000,5000,5000,5000,4120000,5000,5000,95006,48898,4951,135000,EasternMediterranean,98,102.3,"$315,917.00",4.2,3452.3,11.2,36.3,52.5,25.4,25.3,49.3,11.5,120,22507,58053,-35545,-16786,2.2,43.1,1.7,3.4,73,68.7,33.5,7.9,256.5,18.9,5.6,0.8,14.9,111,156,0.1,3509,36,96.8,93.1,Crude Petroleum,53,EGY,27,30
SV,El Salvador,North America,Central America,San Salvador,Spanish,Developing,"SVC,USD - El Salvador Colon,US Dollar",.sv,503,Yes,1841,Republic,Francisco Guillermo Flores Pérez,49,64,82,30.49,6.15,21041,6336392,5000,5000,5000,680000,20000,5460000,5000,30000,19126,9236,513,251271,Americas,307.8,88.5,"$25,850.00",2.5,4219.4,10.8,25.8,63.3,18.6,20.2,61.2,6.4,111,5335,9855,-4519,-920,0.5,66.7,1.4,2.2,77.1,67.9,27.4,11.6,4.7,17,6.8,0,32.1,145.3,86,13,86,28,82.4,60,Knit T-shirts,109,SLV,13.8333,-88.9167
GQ,Equatorial Guinea,Africa,Central Africa,Malabo,Spanish,Developing,XAF - CFA Franc BEAC,.gq,240,Yes,1968,Republic,Teodoro Obiang Nguema Mbasogo,N/A,N/A,164,55.67,1.92,28052,1674908,5000,30000,5000,30000,5000,620000,5000,10000,4821,2182,83,44356,Africa,45.2,124,"$13,812.00",-7.4,16344.1,1.2,73.1,25.7,18.8,18,63.2,7.7,117,7443,5456,1987,N/A,4.2,39.9,3.1,5,58.4,55.5,37.2,4.4,0,70,3.8,0,24,66.7,177,56.3,841,87,79.9,71,Crude Petroleum,125,GNQ,2,10
ER,Eritrea,Africa,Eastern Africa,Asmara,Afar,Developing,ERN - Nakfa,.er,291,Yes,1993,Republic,Isayas Afewerki [Isaias Afwerki],N/A,N/A,180,81.45,2.37,117600,3684032,5000,1920000,5000,5000,5000,3310000,5000,20000,282,225,,,Africa,50.2,100.4,"$4,783.00",4.8,914.9,17.2,23.5,59.3,57,7.6,35.4,7.3,109,16,3325,-3310,N/A,2,22.6,5.1,4.4,65.6,61.4,41.8,5.3,2.3,45,3.3,0,22,7,122,15,27,7,44.6,7.3,Eritrea,174,ERI,15,39
EE,Estonia,Europe,Baltic Countries,Tallinn,Estonian,Developed,EUR - Euro,.ee,372,Yes,1991,Republic,Lennart Meri,36,8,15,15.25,7.9,45227,1326062,5000,5000,5000,800000,5000,540000,5000,5000,2124,1954,63,122880,Europe,30.9,88.2,"$22,460.00",1.4,17112,3.4,27.4,69.2,3.8,29,67.3,7.2,136,13952,15759,-1807,493,-0.3,67.5,-0.4,1.6,81.2,71.8,16.4,25.9,84.2,3.2,6.4,3.3,26.7,148.7,23,52.7,242,193,97.5,96.6,Broadcasting Equipment,75,EST,59,26
ET,Ethiopia,Africa,Eastern Africa,Addis Ababa,Amharic,Developing,ETB - Ethiopian Birr,.et,251,Yes,N/A,Republic,Negasso Gidada,131,151,101,33.63,3.44,1104300,123379924,5000,28680000,5000,50000,5000,52070000,5000,2130000,20900,9027,365,468814,Africa,105,99.7,"$59,917.00",9.6,602.8,40.5,16,43.5,70.5,8.4,21.1,5.7,158,1724,19121,-17397,0,2.6,19.5,4.9,4.6,65.5,61.9,40.6,5.3,745.7,45.8,4.9,0,38.8,42.8,148,12.5,1308,15,27.2,28.2,Coffee,101,ETH,8,38
FJ,Fiji,Asia,Melanesia,Suva,English,Developing,FJD - Fiji Dollar,.fj,679,Yes,N/A,No Data,No Data,N/A,104,55,27.92,5.85,18272,929766,240000,50000,5000,5000,5000,550000,5000,5000,27,18,1,6693,WesternPacific,49.6,103.1,"$4,391.00",3.6,4921.9,11.3,18.1,70.7,21.3,2.9,75.8,7.7,88,926,2316,-1391,-72,0.7,53.7,1.5,2.6,72.9,66.9,28.5,9.9,0,16,4.5,0,16,108.2,291,55.4,8,26,93.4,88.4,Water,157,FJI,-18,175
FI,Finland,Europe,Nordic Countries,Helsinki,Finnish,Developed,EUR - Euro,.fi,358,Yes,1917,Republic,Tarja Halonen,1,26,2,6.99,9.25,338440,5540745,5000,40000,5000,1020000,5000,4300000,5000,5000,7532,6980,331,389500,Europe,18.2,97.2,"$231,960.00",0.2,42148.1,2.5,26.8,70.6,4.2,22,73.8,8.9,101,57326,60502,-3176,-979,0.4,84.2,0.5,1.8,83.7,77.7,16.4,27.8,32.6,2.3,9.7,3,42,135.5,36,73.1,757,257,99.4,88,Refined Petroleum,38,FIN,64,26
FR,France,Europe,Western Europe,Paris,French,Developed,EUR - Euro,.fr,33,Yes,843,Republic,Jacques Chirac,20,54,34,22.6,8.12,551500,64626628,30000,4710000,310000,17580000,100000,39560000,280000,220000,195633,82460,30312,3992206,Europe,118.7,96.7,"$2,418,946.00",1.3,36304.2,1.7,19.5,78.8,2.7,20.5,76.8,9.8,103,488885,560555,-71670,-4861,0.4,79.5,0.8,2,85,78.8,18.1,25.7,356.2,3.4,11.5,3.2,25.8,102.6,278,30.8,5694,158,98.6,98.9,"Planes, Helicopters, and/or Spacecraft",6,FRA,46,2
PF,French Polynesia,Oceania,Polynesia,Papeete,French,Developing,XPF - CFP Franc,.pf,689,No,0,Territory of France,Jacques Chirac,N/A,N/A,N/A,N/A,N/A,4000,306279,5000,5000,5000,10000,5000,250000,5000,5000,64,62,,5849,No Region,77.3,103.7,"$5,135.00",1.6,18161,2.8,11.9,85.2,8.9,16.9,74.2,17,98,173,1491,-1319,208,0.7,55.9,0.9,2.1,78.6,74,23.3,11.9,0,6.9,N/A,N/A,N/A,94.9,175,42.3,1,43,98.5,98.5,Pearls,179,PYF,-15,-140
GA,Gabon,Africa,Central Africa,Libreville,French,Developing,XAF - CFA Franc BEAC,.ga,241,Yes,1960,Republic,Omar Bongo,106,146,117,38.6,3.61,267668,2388992,5000,170000,5000,80000,5000,1150000,5000,90000,7787,5609,51,85369,Africa,7.9,105.6,"$13,735.00",3.9,7960.7,3.8,54.5,41.7,16.2,19.1,64.8,18.1,97,2851,2930,-79,0,3.3,87.2,2.7,4,65.8,63.1,35.9,6.4,2.9,40.8,3.4,0,17.1,168.9,270,88.5,559,64,43.4,31.5,Crude Petroleum,104,GAB,-1,11.75
GM,Gambia,Africa,Western Africa,Banjul,English,Developing,GMD - Dalasi,.gm,220,Yes,1965,Republic,Yahya Jammeh,N/A,N/A,N/A,N/A,4.33,11295,2705992,5000,1640000,5000,5000,5000,80000,5000,5000,935,136,16,5183,Africa,207.6,98,$942.00,4.7,473.2,21.1,14.9,64,30.4,14.4,55.2,29.7,82,32,471,-439,0,3.1,59.6,4.3,5.6,61.6,59.1,45.3,3.8,7.9,49.8,7.3,0,9.4,131.3,67,48.1,7,7,61.5,55,Rough Wood,182,GMB,13.4667,-16.5667
GE,Georgia,Asia,Middle East,Tbilisi,Georgian,Developing,GEL - Lari,.ge,995,Yes,1991,Republic,Eduard evardnadze,105,15,60,28.64,5.42,69700,3744385,5000,470000,5000,30000,5000,3850000,5000,5000,1206,987,17,240473,Europe,56.3,91.4,"$13,965.00",2.8,3491.4,9,24.1,66.9,44.7,11.2,44.1,11.4,85,2114,7236,-5122,-1775,-1.4,53.6,-0.1,2,77,68.5,19.2,20.8,274.1,11.2,7.4,4.8,16,129,120,40.6,61,47,95.2,75.9,Copper Ore,113,GEO,42,43.5
DE,Germany,Europe,Western Europe,Berlin,German,Developed,EUR - Euro,.de,49,Yes,1955,Federal Republic,Johannes Rau,14,25,13,15.24,8.68,357376,83369843,80000,4760000,230000,20350000,100000,56540000,210000,40000,215210,196200,9252,8586648,Europe,235.6,97,"$3,363,600.00",1.7,41686.2,0.6,30.5,68.9,1.4,27.5,71.2,4.2,111,1340752,1060672,280080,279969,0.2,75.3,0.2,1.4,82.9,77.9,13.1,28,1052.1,3.4,11.3,4.1,37,116.7,116,32.7,5004,158,99.3,99,Cars,3,DEU,51,9
GH,Ghana,Africa,Western Africa,Accra,English,Developing,GHS - Ghana Cedi,.gh,233,Yes,1957,Republic,John Kufuor,111,110,30,21.33,6.63,238537,33475870,5000,3860000,5000,1020000,40000,18260000,5000,1200000,39642,36384,199,405817,Africa,126.7,99.3,"$37,156.00",3.9,1355.6,19,26.9,54.1,41.9,14.2,43.8,5.9,144,7221,11939,-4718,-2809,2.4,54,3.4,4.2,62.6,60.7,38.5,5.3,27.3,46.5,3.6,0,12.7,129.7,238,40.9,410,14,20.2,8.6,Gold,73,GHA,8,-2
GR,Greece,Europe,Southern Europe,Athens,Greek,Developed,EUR - Euro,.gr,30,Yes,1830,Republic,Kostis Stefanopoulos,58,85,70,29.01,7.43,131957,10384971,20000,610000,5000,700000,5000,10010000,5000,10000,5123,1374,210,619393,Europe,86.6,96.9,"$194,860.00",-0.2,17788,4.1,15.7,80.2,12.9,15,72.1,23,86,27811,47595,-19784,218,-0.4,78,0.5,1.3,83.3,78,14.2,26.5,94.7,3.3,8.1,6.3,18.3,114,374,31.2,368,89,99.2,98.1,Refined Petroleum,51,GRC,39,22
GL,Greenland,North America,North America,Nuuk,Greek,Developed,DKK - Danish Krone,.gl,299,No,0,Part of Denmark,Margrethe II,N/A,N/A,N/A,N/A,N/A,2166086,56466,5000,5000,5000,5000,5000,50000,5000,5000,14,14,,5977,Europe,0.1,112.1,"$2,078.00",0.3,36976.7,10,15.9,74.1,4.6,12.6,82.5,9.7,99,553,623,-71,N/A,-0.1,86.4,0.7,2,73.4,68.7,21,13.2,0,N/A,N/A,N/A,N/A,106.5,23,~0.0,2,154,100,100,Non-fillet Frozen Fish,158,GRL,72,-40
GD,Grenada,North America,Caribbean,St. George's,English,Developing,XCD - East Caribbean Dollar,.gd,1-473,Yes,1974,Constitutional Monarchy,Elisabeth II,N/A,N/A,0,0,N/A,345,125438,5000,5000,5000,5000,5000,100000,5000,5000,24,23,,6252,Americas,317.1,100.9,$954.00,6.2,8933.8,8.3,13.9,77.8,N/A,N/A,N/A,0,103,30,350,-320,-213,0.4,35.6,0.3,2.2,75.6,70.8,26.3,10.5,0,9.6,6.1,0,33.3,112.2,54,50,0,35,97.5,98.3,Non-fillet Fresh Fish,199,GRD,12.1167,-61.6667
GT,Guatemala,North America,Central America,Guatemala City,Spanish,Developing,GTQ - Quetzal,.gt,502,Yes,1821,Republic,Alfonso Portillo Cabrera,N/A,31,116,38.45,5.26,108889,17843908,5000,5000,5000,590000,10000,13690000,5000,80000,54339,42070,2119,172712,Americas,157.8,96.9,"$63,794.00",4.1,3903.5,10.8,27.2,62,32,18.5,49.4,2.4,158,10572,16987,-6415,-96,2.1,51.6,3.4,3.2,75.6,69.2,35.1,6.9,1.8,26.9,6.2,0,12.7,111.5,290,33.4,327,32,77.5,49.3,Bananas,90,GTM,15.5,-90.25
GW,Guinea-Bissau,Africa,Western Africa,Bissau,Portuguese,Developing,XOF - CFA Franc BCEAO,.gw,245,Yes,1974,Republic,Kumba Ialá,N/A,149,95,32.68,2.63,36125,2105566,5000,680000,5000,70000,5000,300000,5000,470000,2032,944,27,1500,Africa,66.2,96.9,$978.00,4.8,530,45,14.5,40.5,60.1,5.8,34.1,6.5,137,885,212,673,-53,2.6,49.3,4.1,4.9,57.7,54.3,41.5,4.9,8.8,80.4,5.6,0,13.7,69.3,77,70.5,25,17,33.5,8.5,Coconuts Brazil Nuts and Cashews,178,GNB,12,-15
GN,Guinea,Africa,Western Africa,Conakry,French,Developing,GNF - Guinean Franc,.gn,224,Yes,1958,Republic,Lansana Conté,109,141,109,35.42,3.14,245857,13859341,5000,8430000,5000,180000,5000,1090000,5000,270000,7664,6757,49,14407,Africa,51.8,100.6,"$8,875.00",0.1,703.9,19.8,32.8,47.4,69.7,7.4,22.9,6.8,130,1753,2082,-329,-1240,2.3,37.2,3.8,5.1,58.4,57.4,42.3,5.2,9.2,65.7,5.6,0,21.9,87.2,185,26,113,12,34.1,11.8,Gold,99,GIN,11,-10
GY,Guyana,South America,South America,Georgetown,English,Developing,GYD - Guyana Dollar,.gy,592,Yes,1966,Republic,Bharrat Jagdeo,N/A,142,51,25.61,6.15,214969,808726,190000,50000,5000,10000,5000,500000,5000,5000,538,189,22,5165,Americas,4,101.9,"$3,282.00",3.1,4278.8,17.6,31.7,50.6,18.4,25.4,56.2,11.3,142,1453,1625,-172,-144,0.6,28.6,0.8,2.6,68.6,64,29,8.6,0,33.2,5.2,0,31.9,67.2,94,84,7,46,87.9,82,Special Purpose Ships,164,GUY,5,-59
HT,Haiti,North America,Caribbean,Port-au-Prince,Creole,Developing,"HTG,USD - Gourde,US Dollar",.ht,509,Yes,1804,Republic,Jean-Bertrand Aristide,N/A,96,87,31.12,4.57,27750,11584996,5000,5000,5000,1060000,30000,8690000,5000,220000,7544,4832,171,18443,Americas,398.4,97.8,"$8,501.00",1.7,793.7,16.7,38.2,45.1,46.9,12.6,40.6,12.9,163,984,3316,-2332,-723,1.4,58.6,3.8,3.1,64.4,60.2,33,7.3,1.9,46.9,7.6,N/A,2.6,69.9,205,3.5,136,16,33.6,19.2,Knit T-shirts,159,HTI,19,-72.4167
HN,Honduras,North America,Central America,Tegucigalpa,Spanish,Developing,HNL - Lempira,.hn,504,Yes,1838,Republic,Carlos Roberto Flores Facussé,55,70,151,49.35,5.42,112492,10432860,5000,10000,5000,790000,40000,6660000,5000,80000,45098,6116,1423,109292,Americas,82.8,99.4,"$20,365.00",3.6,2521.9,13,25.1,61.9,29.4,21.6,49,5.6,122,3657,8448,-4791,-1291,1.8,54.7,3.1,2.6,75.4,70.4,31.6,7,176.2,27.8,8.7,0,25.8,95.5,301,42.1,105,28,86.7,77.7,Knit Sweaters,98,HND,15,-86.5
HU,Hungary,Europe,Eastern Europe,Budapest,Magyar,Developed,HUF - Forint,.hu,36,Yes,1918,Republic,Ferenc Mádl,51,57,92,31.76,6.63,93024,9967308,5000,5000,10000,1860000,5000,8090000,5000,5000,4597,3463,600,352546,Europe,107.4,90.7,"$121,715.00",3.1,12350.6,4.1,31.9,64,4.3,29.8,65.9,4.5,99,103071,92044,11027,3946,-0.3,71.2,0.5,1.3,78.8,71.7,14.3,26,14.4,4.9,7.4,3.3,10.1,118.9,66,22.8,423,97,97.8,98.6,Cars,35,HUN,47,20
IS,Iceland,Europe,Nordic Countries,Reykjavik,Icelandic,Developed,ISK - Iceland Krona,.is,354,Yes,1944,Republic,Ólafur Ragnar Grímsson,3,20,16,15.37,9.58,103000,372899,5000,5000,5000,10000,5000,300000,5000,5000,1930,1825,10,149693,Europe,3.3,100.7,"$16,780.00",4.2,50936,6.4,24,69.7,4,17.7,78.2,3.6,117,4450,5703,-1254,854,0.6,94.1,1.3,2,83.8,80.6,20.1,20.1,0.5,1.6,8.9,3.8,47.6,114,27,0.5,284,952,98.7,100,Raw Aluminium,103,ISL,65,-18
IN,India,Asia,Southern and Central Asia,New Delhi,Hindi,Developing,INR - Indian Rupee,.in,91,Yes,1947,Federal Republic,Kocheril Raman Narayanan,136,89,142,46.56,6.9,3287263,1417173173,973750000,176200000,10000,870000,27560000,31130000,9250000,5850000,2025409,1377384,41638,22149351,South-EastAsia,450.4,107.6,"$2,116,239.00",7.6,1614.2,17,29.7,53.2,44.3,24.5,31.2,3.4,143,260327,356705,-96378,-22457,1.2,32.7,2.4,2.4,69.1,66.2,27.8,9.4,211.1,41.3,4.7,0.7,11.8,78.8,1052,23.7,23103,27,62.6,28.5,Refined Petroleum,13,IND,20,77
ID,Indonesia,Asia,Southeast Asia,Jakarta,Bahasa,Developing,IDR - Rupiah,.id,62,Yes,1945,Republic,Abdurrahman Wahid,87,66,113,37.4,6.48,1910931,275501339,4050000,209120000,5000,240000,340000,23660000,1720000,750000,118753,75645,5521,1633156,South-EastAsia,145.7,101.4,"$861,934.00",4.8,3346.5,14,41.3,44.7,31.4,22.4,46.2,5.8,139,144490,135653,8837,-17697,1.2,53.7,2.7,2.4,70.7,66.6,27.4,8.6,13.8,25,2.8,0.2,19.8,132.4,1281,50.6,19481,35,72.3,47.5,Coal Briquettes,32,IDN,-5,120
IR,Iran,Middle East,Southern Asia,Tehran,Persian,Developing,IRR - Iranian Rial,.ir,98,Yes,1906,Islamic Republic,Ali Mohammad Khatami-Ardakani,110,N/A,N/A,N/A,2.38,1628750,88550570,20000,73570000,5000,110000,150000,110000,5000,5000,320117,277463,17976,2612763,EasternMediterranean,49.8,101.2,"$398,563.00",0.4,5038.1,8.6,39.1,52.3,16.6,32.5,50.9,11.3,106,45627,35333,10294,N/A,1.2,73.4,2.1,1.7,76.2,74,23.7,8.8,978.3,14.8,7.5,1.5,5.9,93.4,134,6.6,13291,127,92.8,82.3,Crude Petroleum,54,IRN,32,53
IQ,Iraq,Asia,Middle East,Baghdad,Arabic,Developing,IQD - Iraqi Dinar,.iq,964,Yes,1932,Republic,Saddam Hussein al-Takriti,107,153,163,55.57,3.74,435052,44496122,5000,31340000,5000,40000,20000,270000,5000,5000,140603,101025,5161,1092741,EasternMediterranean,88.1,102.5,"$164,234.00",-2.4,4509,4.6,58,37.4,20.4,21,58.6,16.1,123,27341,45831,-18490,4121,3.2,69.5,3,4.6,71.4,67,40.4,5,4736.2,32.1,5.5,0.9,25.3,93.8,72,1.9,6744,58,86.4,83.8,Crude Petroleum,43,IRQ,33,44
IE,Ireland,Europe,British Islands,Dublin,English,Developed,EUR - Euro,.ie,353,Yes,1921,Republic,Mary McAleese,13,10,12,11.91,9.24,69797,5023109,10000,50000,5000,280000,5000,4110000,5000,5000,26372,23364,1768,652917,Europe,69.1,98.4,"$283,716.00",26.3,60513.6,1,41.7,57.3,4.8,17.7,77.4,7.6,102,129315,76997,52318,28967,0.3,63.2,1.6,2,83,78.7,21.6,19.1,10.5,3.4,7.8,2.8,22.2,103.7,50,10.9,84,114,89.1,92.9,"Blood, antisera, vaccines, toxins, and cultures",11,IRL,53,-8
IL,Israel,Asia,Middle East,Jerusalem,Hebrew,Developed,ILS - New Israeli Sheqel,.il,972,Yes,1948,Republic,Moshe Katzav,9,49,86,30.9,7.86,22072,9038309,5000,1380000,5610000,230000,5000,150000,20000,20000,79559,53427,576,1872453,Europe,384.5,98.7,"$299,413.00",2.5,37129.4,1.3,21.2,77.5,1,17.9,81,5.9,112,60571,65803,-5232,13642,1.6,92.1,1.4,3,83.7,80,27.9,16.1,44.7,3.4,7.8,3.6,27.5,133.5,174,7.5,313,119,100,100,Diamonds,37,ISR,31.5,34.75
IT,Italy,Europe,Southern Europe,Rome,Italian,Developed,EUR - Euro,.it,39,Yes,1861,Republic,Carlo Azeglio Ciampi,31,44,41,23.39,7.52,302073,59037474,90000,2220000,50000,7500000,60000,50440000,110000,80000,249204,201323,35187,7099713,Europe,201.8,95.1,"$1,821,580.00",0.7,30462.4,2.2,23.5,74.2,3.5,27.1,69.4,11.4,89,461529,404578,56951,29348,-0.1,69,0.4,1.4,84.7,79.9,13.5,29.4,216.7,3,9.2,3.9,31,151.3,359,31.4,1539,103,99.5,99.6,Packaged Medicaments,12,ITA,42.8333,12.8333
JM,Jamaica,North America,Caribbean,Kingston,English,Developing,JMD - Jamaican Dollar,.jm,1-876,Yes,1962,Constitutional Monarchy,Elisabeth II,63,45,7,9.96,6.96,10990,2827377,5000,5000,5000,470000,30000,2120000,5000,120000,958,745,12,41840,Americas,266.9,99,"$14,262.00",1,5105.8,7.1,22.3,70.5,17.9,15.3,66.8,13.1,102,1202,4767,-3565,-400,0.4,54.8,0.9,2.1,77.9,73.1,22.7,13.6,0,15,5.4,0,17.5,111.5,311,31,8,37,79.9,84.1,Aluminium Oxide,118,JAM,18.25,-77.5
JP,Japan,Asia,Eastern Asia,Tokyo,Japanese,Developed,JPY - Yen,.jp,81,Yes,N/A,Constitutional Monarchy,Akihito,54,12,67,28.88,7.99,377930,123951692,30000,200000,5000,72120000,5890000,2030000,45820000,450000,42263,28877,1026,938739,WesternPacific,349.7,95.4,"$4,383,076.00",1.2,34628.7,1.2,26.4,72.4,3.7,26.5,69.8,3,96,644932,606924,38008,135608,-0.1,93.5,0.6,1.4,86.4,80,12.9,33.4,19.4,2.2,10.2,2.3,9.3,125,404,68.5,1114,146,100,100,Cars,4,JPN,36,138
JO,Jordan,Asia,Middle East,Amman,Arabic,Developing,JOD - Jordanian Dinar,.jo,962,Yes,1946,Constitutional Monarchy,Abdullah II,134,46,129,42.89,3.93,89318,11285869,5000,6010000,5000,5000,5000,130000,20000,5000,1232,1171,11,628745,EasternMediterranean,109.3,102.6,"$37,517.00",2.4,4940.1,4,27.7,68.4,2,17.8,80.2,13.4,134,7509,19207,-11698,-3332,4.9,83.7,3.8,3.6,75.5,72.2,35.5,5.7,721.4,17.1,7.5,2.6,15.4,179.4,113,1.1,7,47,98.6,98.9,Potassic Fertilizers,92,JOR,31,36
KZ,Kazakhstan,Middle East,Central Asia,Astana,Kazak,Developing,KZT - Tenge,.kz,7,Yes,N/A,No Data,No Data,40,49,155,50.28,2.94,2724902,19397998,5000,11290000,5000,670000,20000,3970000,40000,50000,95942,68871,1058,2163713,Europe,6.7,93.9,"$181,754.00",1.2,10312.1,5,32.5,62.5,18.1,20.4,61.6,5.6,126,36775,25175,11601,-5464,1.6,53.2,0.9,2.7,73.9,64.3,27.9,11.1,9.2,14.1,4.4,3.3,27.1,187.2,82,1.2,7091,193,97,98.1,Crude Petroleum,52,KAZ,48,68
KE,Kenya,Africa,Eastern Africa,Nairobi,English,Developing,KES - Kenyan Shilling,.ke,254,Yes,1963,Republic,Daniel arap Moi,119,78,102,33.65,5.18,591958,54027487,60000,3920000,5000,1000000,500000,34340000,5000,690000,24411,10444,399,335318,Africa,87.3,98.8,"$63,399.00",5.6,1376.7,32,19,49,61.9,8.6,29.5,10.8,126,5688,14109,-8420,-6339,2.7,25.6,4.3,4.1,67.8,63,40.5,4.3,582.4,39.4,5.7,0.2,19.4,80.7,480,7.7,750,20,31.2,29.7,Tea,93,KEN,1,38
KI,Kiribati,Oceania,Micronesia,Tarawa,English,Developing,AUD - Australian Dollar,.ki,686,Yes,1979,Republic,Teburoro Tito,N/A,N/A,N/A,N/A,N/A,726,131232,5000,5000,5000,5000,5000,90000,5000,5000,N/A,N/A,N/A,N/A,No Region,143.7,97.3,$162.00,3.7,1442.9,24.1,13.6,62.2,0,0,0,0,61,3,116,-113,45,1.8,44.3,1.8,3.8,68.9,62.4,35,6.4,0,46.9,10.2,0.2,6.5,38.8,104,15,0,8,51.2,30.6,Non-fillet Frozen Fish,190,KIR,1.4167,173
KW,Kuwait,Asia,Middle East,Kuwait City,Arabic,Developing,KWD - Kuwaiti Dinar,.kw,965,Yes,1961,Constitutional Monarchy (Emirate),Jabir al-Ahmad al-Jabir al-Sabah,N/A,88,105,34.36,3.93,17818,4268873,230000,2030000,5000,5000,5000,390000,80000,5000,70045,61610,469,522200,EasternMediterranean,232.1,134.9,"$114,054.00",1.8,29303.9,0.6,48.7,50.7,2.6,27.3,70.1,2.2,199,46238,30825,15413,8584,5.4,98.3,3.6,2,75.5,73.5,21.1,4.9,94.7,8.4,3,1.9,3.1,231.8,49,0.4,6941,380,100,100,Crude Petroleum,47,KWT,29.3375,47.6581
KG,Kyrgyzstan,Asia,Southern and Central Asia,Bishkek,Kyrgyz,Developing,KGS - Som,.kg,996,Yes,1991,Republic,Askar Akajev,64,N/A,N/A,N/A,N/A,199949,6630623,5000,4690000,5000,20000,5000,610000,5000,5000,38659,30099,1447,267718,Europe,31.5,98.4,"$6,572.00",3.5,1106.4,15.4,25.9,58.7,29.2,21,49.8,7.7,108,1423,3844,-2421,-721,1.6,35.7,1.6,3.1,74.3,66.4,31.8,7.6,8.2,19.6,6.5,1.9,19.2,132.8,44,3.4,80,27,89.1,95.6,Gold,139,KGZ,41,75
LA,Lao People's Democratic Republic,Asia,South East Asia,Vientiane,Kyrgyz,Developing,LAK - Lao Kip,.la,856,Yes,N/A,No Data,No Data,N/A,N/A,N/A,N/A,N/A,236800,7529475,5000,5000,5000,50000,50000,90000,4100000,1910000,N/A,N/A,N/A,N/A,No Region,29.7,99.5,"$12,585.00",7.6,1850.2,23.6,32.8,43.6,78.3,4,17.7,1.5,193,2066,4513,-2447,-2264,1.3,38.6,4.9,2.9,66.8,63.9,32.9,6.3,0,47.3,1.9,0.2,27.5,53.1,209,80.5,72,12,94.5,56,Electricity,117,LAO,18,105
LV,Latvia,Europe,Baltic Countries,Riga,Latvian,Developed,EUR - Euro,.lv,371,Yes,1991,Republic,Vaira Vike-Freiberga,42,16,22,19.26,7.49,64573,1850651,5000,5000,5000,990000,5000,1260000,5000,5000,1275,1070,32,207909,Europe,31.3,84.9,"$27,004.00",2.7,13704.1,3.2,23.3,73.5,7.3,23,69.7,9.6,130,11433,13596,-2163,-210,-1.2,67.4,-0.7,1.5,78.7,68.8,15.4,26.2,252.6,6.5,5.9,3.2,16,127,30,54,108,99,90.8,81.5,Sawn Wood,78,LVA,57,25
LB,Lebanon,Asia,Middle East,Beirut,Arabic,Developing,LBP - Lebanese Pound,.lb,961,Yes,1941,Republic,Émile Lahoud,145,154,107,34.93,4.36,10452,5489739,5000,2590000,5000,10000,5000,1620000,5000,5000,5672,1974,70,345268,EasternMediterranean,594.6,100.6,"$50,149.00",1.5,8571.4,3.2,19.6,77.2,8.2,22.4,69.4,7,95,3402,20409,-17007,-8146,6,87.8,3.2,1.7,80.9,77.3,23.1,12,1054.2,9.2,6.4,2.4,3.1,87.1,87,13.4,7,55,80.7,80.7,Gold,111,LBN,33.8333,35.8333
LS,Lesotho,Africa,Southern Africa,Maseru,English,Developing,"LSL,ZAR - Loti,Rand",.ls,266,Yes,1966,Constitutional Monarchy,Letsie III,N/A,105,88,31.61,6.54,30355,2305825,5000,5000,5000,70000,5000,2100000,5000,5000,742,175,23,8771,Africa,73.6,94.4,"$2,008.00",2.8,940.6,7.7,31.3,61,39.7,20,40.3,27.5,101,648,1727,-1079,-168,1.3,27.3,3,3.3,54.7,50.1,35.4,6.7,0,59.8,10.6,0,25,105.5,18,1.6,31,28,37.3,27.6,Diamonds,160,LSO,-29.5,28.5
LR,Liberia,Africa,Western Africa,Monrovia,English,Developing,LRD - Liberian Dollar,.lr,231,Yes,1847,Republic,Charles Taylor,N/A,106,98,33.36,5.45,111369,5302681,5000,480000,5000,60000,5000,3430000,5000,20000,1224,705,78,,Africa,49.1,101.8,"$2,053.00",0.3,455.9,70.8,11.4,17.9,45.3,11.7,43,4.1,104,641,727,-86,-860,2.6,49.7,3.4,4.8,61.6,59.8,41.8,4.9,22.1,59,10,0,12.3,81.1,172,43.7,73,19,28,5.9,Special Purpose Ships,194,LBR,6.5,-9.5
LY,Libya,Africa,Nothern Africa,Tripoli,Arabic,Developing,LYD - Libyan Dinar,.ly,218,Yes,N/A,No Data,No Data,N/A,160,165,55.73,2.02,1676198,6812341,5000,6140000,5000,10000,5000,170000,20000,5000,4879,652,107,59699,EasternMediterranean,3.6,101.7,"$34,457.00",-10.2,5488.2,0.9,67.1,32,19.1,25.1,55.8,19.2,113,4615,8876,-4261,-108,0.2,78.6,1.1,2.4,74.4,68.8,28.2,6.6,472.5,24.3,5,2.1,16,157,63,0.1,1505,119,96.8,95.7,Crude Petroleum,105,LBY,25,17
LT,Lithuania,Europe,Baltic Countries,Vilnius,Lithuanian,Developed,EUR - Euro,.lt,370,Yes,1991,Republic,Valdas Adamkus,34,12,28,20.15,7.5,65286,2750055,5000,5000,5000,330000,5000,2980000,5000,5000,2171,1656,81,540784,Europe,46.1,85.4,"$41,402.00",1.8,14383.7,3.6,29.8,66.5,8.7,24.5,66.8,9.2,125,25025,27501,-2476,-977,-1.3,66.5,-0.5,1.6,79.3,68.5,14.8,25.3,4.7,4.4,6.6,4.3,21.3,139.5,26,34.8,74,98,97.2,82.8,Refined Petroleum,59,LTU,56,24
LU,Luxembourg,Europe,Western Europe,Luxembourg,Luxermbourgish,Developed,EUR - Euro,.lu,352,Yes,1867,Constitutional Monarchy,Henri,N/A,36,20,17.56,8.81,2586,647599,5000,10000,5000,140000,5000,360000,5000,5000,7073,5750,119,623994,Europe,225.3,101,"$56,802.00",3.5,100160.8,0.2,12.1,87.7,1.3,10.2,88.5,5.6,98,12838,19124,-6285,2962,2.2,90.2,1.7,1.5,83.4,78.8,16.4,19.6,4.2,3.4,6.9,2.9,28.3,148.5,11,33.5,6,290,97.5,98.5,Iron Blocks,34,LUX,49.75,6.1667
MG,Madagascar,Africa,Eastern Africa,Antananarivo,Malagasy,Developing,MGA - Malagasy Ariary,.mg,261,Yes,1960,Federal Republic,Didier Ratsiraka,N/A,127,57,28.24,5.64,587295,29611714,10000,620000,5000,1440000,20000,17680000,5000,940000,12526,10148,134,46301,Africa,44,99.5,"$9,739.00",3.1,401.8,24.9,18.4,56.7,74.2,9.4,16.5,2.3,119,2256,2965,-709,-622,2.7,35.1,4.7,4.4,66,63,41,4.8,0.1,36.8,3,0.1,19.2,46,1324,21.5,129,7,18,8.7,Vanilla,138,MDG,-20,47
MW,Malawi,Africa,Eastern Africa,Lilongwe,Chichewa,Developing,MWK - Malawi Kwacha,.mw,265,Yes,1964,Republic,Bakili Muluzi,138,133,62,28.8,5.5,118484,20405317,5000,1930000,5000,370000,5000,12320000,5000,260000,4491,2137,137,33466,Africa,197.5,98.2,"$6,420.00",3,372.9,26.1,16.6,57.3,69.9,4.8,25.4,6.8,149,875,1649,-774,-710,2.9,16.3,3.8,4.9,63.1,58.2,44,4.3,25.7,66.5,11.4,0,16.7,35.3,176,33.6,89,6,47.3,39.8,Raw Tobacco,193,MWI,-13.5,34
MY,Malaysia,Asia,Southeast Asia,Kuala Lumpur,Bahasa,Developing,MYR - Malaysian Ringgit,.my,60,Yes,1957,"Constitutional Monarchy, Federation",Salahuddin Abdul Aziz Shah Alhaj,70,49,119,39.47,7.16,330323,33938221,1720000,18100000,5000,190000,60000,2670000,5010000,650000,9038,8713,125,991333,WesternPacific,96.3,106.7,"$296,284.00",5,9768.4,8.6,39.6,51.8,11.8,27.3,60.9,3.3,122,189414,168375,21039,8960,1.8,74.7,2.7,2.1,77.1,72.6,24.3,9.7,238.6,6.5,4.2,1.3,10.4,143.9,1272,67.5,3738,118,96.1,95.9,Integrated Circuits,28,MYS,2.5,112.5
MV,Maldives,Asia,Southern and Central Asia,Male,Maldivian,Developing,MVR - Rufiyaa,.mv,960,Yes,1965,Republic,Maumoon Abdul Gayoom,N/A,N/A,72,29.13,N/A,300,523787,5000,310000,5000,5000,5000,5000,5000,5000,4680,2725,19,85587,South-EastAsia,1454.4,131.8,"$3,435.00",2.8,9446.5,3.1,22,74.9,7.7,22.8,69.5,2.9,65,140,2128,-1988,-326,2.8,45.5,4.5,2.2,77.4,75.4,23.4,6.3,0,9,13.7,0,5.9,206.7,75,3.3,0,54,97.5,98.3,Fish Fillets,147,MDV,3.25,73
ML,Mali,Africa,Western Africa,Bamako,French,Developing,XOF - CFA Franc BCEAO,.ml,223,Yes,1960,Republic,Alpha Oumar Konaré,123,140,99,33.5,4.92,1240192,22593590,5000,14510000,5000,70000,5000,370000,5000,410000,2552,1954,124,25152,Africa,15.2,100.2,"$13,100.00",7.6,744.3,39.9,19.6,40.5,56.7,14.7,28.6,8.1,154,3030,2510,520,-676,2.9,39.9,5.1,6.4,56.9,55.6,47.7,4,90.8,78.5,7,0,8.8,139.6,42,3.9,55,4,37.5,16.1,Gold,120,MLI,17,-4
MT,Malta,Europe,Southern Europe,Valletta,Maltese,Developed,EUR - Euro,.mt,356,Yes,1964,Republic,Guido de Marco,33,21,81,30.46,7.95,315,533286,5000,5000,5000,10000,5000,400000,5000,5000,946,670,9,136713,Europe,1346.4,100.9,"$9,747.00",6.2,23280.7,1.4,15,83.6,1.2,20.9,77.9,5.4,96,4039,7182,-3143,539,0.5,95.4,0.5,1.4,82,78.6,14.4,26.1,8.1,4.8,9.7,3.9,12.5,129.3,39,1.1,1,78,100,100,Integrated Circuits,77,MLT,35.8333,14.5833
MH,Marshall Islands,Oceania,Micronesia,Majuro,Marshallese,Developing,USD - US Dollar,.mh,692,Yes,1990,Republic,Kessai Note,N/A,N/A,N/A,N/A,N/A,181,41569,5000,5000,5000,5000,5000,50000,5000,5000,N/A,N/A,N/A,N/A,No Region,295.2,104.5,$183.00,0.6,3452.6,16.4,10.2,73.3,0,0,0,4.7,115,27,86,-58,-5,0.2,72.7,0.6,4.1,72.5,71.3,39,5.5,0,25.4,17.1,0.5,9.1,29.2,101,70.2,0,27,84.5,56.2,Passenger and Cargo Ships,187,MHL,9,168
MR,Mauritania,Africa,Western Africa,Nouakchott,Hassaniya,Developing,MRU - Ouguiya,.mr,222,Yes,1960,Republic,Maaouiya Ould Sid´Ahmad Taya,N/A,125,94,32.25,3.92,1030700,4736139,5000,3430000,5000,5000,5000,5000,5000,20000,6444,5291,157,57387,Africa,4.3,101.6,"$5,023.00",1.2,1235,20.9,41.7,37.4,40.3,9.5,50.2,12,125,1623,2174,-551,-1066,2.9,59.9,3.5,4.9,64.1,61.2,39.9,5,69,68,3.8,0,25.2,89.3,86,0.2,31,13,57.5,13.8,Iron Ore,132,MRT,20,-12
MU,Mauritius,Africa,Eastern Africa,Port Louis,English,Developing,MUR - Mauritius Rupee,.mu,230,Yes,1968,Republic,Cassam Uteem,52,9,61,28.74,8.22,1969,1299469,630000,220000,5000,5000,5000,420000,5000,5000,344,334,10,205285,Africa,623.2,97.9,"$11,511.00",3.5,9040.9,2.9,22.7,74.4,7.3,25.2,67.5,7.6,96,2194,4655,-2461,-566,0.2,39.7,-0.1,1.5,77.7,70.7,18.4,16.6,0,12,4.8,0,11.6,140.6,257,19,10,51,93.9,92.6,Processed Fish,130,MUS,-20.2833,57.55
MX,Mexico,North America,Central America,Mexico City,Spanish,Developing,MXN - Mexican Peso,.mx,52,Yes,1810,Federal Republic,Vicente Fox Quesada,46,64,143,46.71,6.09,1964375,127504125,5000,5000,70000,5330000,20000,107910000,5000,70000,462690,308848,50517,1056915,Americas,66.4,99.2,"$1,140,724.00",2.5,8980.9,3.6,36,60.4,13.4,25.2,61.3,4.1,120,373883,387064,-13181,-33216,1.4,79.2,1.6,2.3,78.9,74,26.7,10.1,5.9,18.8,6.3,2.1,42.6,85.3,1162,34,8514,62,88,74.5,Refined Petroleum,16,MEX,23,-102
FM,Micronesia,Asia,Micronesia,Palikir,English,Developing,USD - US Dollar,.fm,691,Yes,N/A,No Data,No Data,N/A,N/A,N/A,N/A,N/A,702,114164,5000,5000,5000,5000,5000,110000,5000,5000,N/A,N/A,N/A,N/A,No Region,150.8,105.1,$315.00,3.7,3015.2,27.8,6.5,65.8,N/A,N/A,N/A,N/A,99,6,40,-34,22,0.2,22.4,0.3,3.3,69.8,67.7,33.1,8,0,33.2,13.7,0,0,30.3,167,91.8,0,22,85.1,49,Non-fillet Frozen Fish,184,FSM,6.9167,158.25
MN,Mongolia,Asia,Eastern Asia,Ulan Bator,Mongolian,Developing,MNT - Tugrik,.mn,976,Yes,1921,Republic,Natsagiin Bagabandi,68,56,68,28.97,6.5,1564116,3398366,5000,90000,5000,990000,5000,60000,1520000,100000,293,260,,38334,WesternPacific,2,97.9,"$11,758.00",2.3,3973.4,14.8,34.1,51.1,28.4,20.7,51,6.3,147,4917,3358,1559,-948,1.9,72,2.8,2.8,72.7,64.5,29.7,6.6,0,22.8,4.7,2.9,17.1,105,41,8.1,677,84,66.4,42.6,Coal Briquettes,100,MNG,46,105
ME,Montenegro,Europe,Southern Europe,Podgorica,Serbian/Montenegrin,Developed,EUR - Euro,.me,382,Yes,N/A,No Data,No Data,75,40,104,34.33,5.65,13812,627082,5000,120000,5000,20000,5000,490000,5000,5000,3480,2178,60,38427,Europe,46.8,97.4,"$4,020.00",4.5,6424.1,9.8,17.5,72.6,7.5,17.3,75.2,17.4,66,354,2263,-1908,-533,0.1,64,0.3,1.7,78.8,74,18.1,21.3,16,4.1,6.4,2.3,23.5,162.2,98,61.5,29,64,98,92.2,Raw Aluminium,156,MNE,42,19
MA,Morocco,Africa,Northern Africa,Rabat,Arabic,Developing,MAD - Moroccan Dirham,.ma,212,Yes,1956,Constitutional Monarchy,Mohammed VI,100,99,136,43.94,5.1,446550,37457971,5000,31930000,5000,5000,5000,20000,5000,5000,29644,20553,449,1383816,EasternMediterranean,80.1,98.1,"$100,359.00",4.4,2919.3,13.7,28.9,57.4,32.6,20.7,46.8,10.4,130,22858,41696,-18838,-2161,1.4,60.2,2.3,2.6,76,73.7,27.4,10.7,6.4,28.1,5.9,0.6,20.5,126.9,207,12.6,78,23,84.1,65.5,Cars,60,MAR,32,-5
MZ,Mozambique,Africa,Eastern Africa,Maputo,Portuguese,Developing,MZN - Mozambique Metical,.mz,258,Yes,1975,Republic,Joaquím A. Chissano,101,116,108,35.39,3.65,799380,32969518,5000,4200000,5000,4200000,5000,13260000,5000,1720000,2120,795,15,65151,Africa,37.7,95.5,"$14,806.00",6.6,529.2,24.6,21,54.4,75,4.1,21,24.1,137,3352,5295,-1943,-5833,2.9,32.2,3.3,5.4,58.1,54,44.8,4.8,24,67.3,7,0.1,39.6,74.2,309,48.5,779,20,42.4,10.1,Coal Briquettes,110,MOZ,-18.25,35
MM,Myanmar,Asia,Southeast Asia,Nay Pyi Taw,Burmese,Developing,MMK - Kyat,.mm,95,Yes,1948,Republic,kenraali Than Shwe,126,137,140,46.14,3.55,676577,54179306,820000,1900000,5000,240000,80000,3750000,38410000,2760000,357,308,6,122290,South-EastAsia,81.7,95.5,"$62,601.00",7.3,1161.5,26.7,34.5,38.7,23.6,14.6,61.7,0.8,130,11673,15696,-4023,-3921,0.9,34.1,2.5,2.3,68.3,63.7,26.8,9.4,1392.1,45,2.3,0.6,10.2,76.7,321,45.3,1078,15,84.3,77.1,Petroleum Gas,71,MMR,22,98
NA,Namibia,Africa,Southern Africa,Windhoek,English,Developing,"NAD,ZAR - Namibia Dollar,Rand",.na,264,Yes,1990,Republic,Sam Nujoma,124,96,24,19.72,6.43,824116,2567012,5000,5000,5000,40000,5000,2230000,5000,5000,2652,563,15,29233,Africa,3.1,94.7,"$11,491.00",5.3,4673.6,6.6,30.6,62.8,29.1,14.6,56.3,24.9,88,4816,6721,-1905,-1700,2.2,46.7,4.2,3.6,64.3,59.1,36.7,5.5,4.8,36.4,N/A,0,41.3,102.1,115,8.5,19,31,54.5,16.8,Raw Copper,127,NAM,-22,17
NR,Nauru,Oceania,Micronesia,Yaren,Nauruan,Developing,AUD - Australian Dollar,.nr,674,Yes,1968,Republic,Bernard Dowiyogo,N/A,N/A,N/A,N/A,N/A,21,12668,5000,5000,5000,5000,5000,5000,5000,5000,N/A,N/A,N/A,N/A,No Region,568,101.9,$189.00,18.7,18469.2,3,59.9,37.1,N/A,N/A,N/A,23,112,N/A,N/A,N/A,N/A,2.3,100,0.2,3.9,64.8,57.8,39.5,4,0.8,18,3.3,0,10.5,67.8,82,0,0,63,65.6,0,Non-fillet Frozen Fish,189,NRU,-0.5333,166.9167
NP,Nepal,Asia,Southern and Central Asia,Kathmandu,Nepali,Developing,NPR - Nepalese Rupee,.np,977,Yes,1769,Constitutional Monarchy,Gyanendra Bir Bikram,84,103,106,34.62,5.28,147181,30547580,24170000,1370000,5000,80000,20000,140000,3080000,1100000,21750,15389,65,731977,South-EastAsia,204.4,94.3,"$20,658.00",2.7,724.5,31.8,14.9,53.3,72.6,10.9,16.5,3,139,703,5249,-4547,2447,1.2,18.6,3.2,2.3,70.4,67.4,30.9,8.8,30.7,32.8,5.8,0,29.6,96.8,104,25.4,451,19,56,43.5,Palm Oil,143,NPL,28,84
NL,Netherlands,Europe,Western Europe,Amsterdam,Dutch,Developed,EUR - Euro,.nl,31,Yes,1581,Constitutional Monarchy,Beatrix,5,17,6,9.67,9.01,41542,17564014,80000,1000000,30000,6990000,30000,8410000,40000,30000,56982,,6153,1079860,Europe,505.2,99,"$750,318.00",2,44332.1,1.8,20,78.2,2.2,15.9,81.9,5.6,115,511714,420969,90745,65129,0.3,90.5,1,1.7,83.1,79.4,16.4,25,116.3,3.5,10.9,3.4,38,123.5,40,11.1,2447,178,97.5,99.9,Refined Petroleum,7,NLD,52.5,5.75
NC,New Caledonia,Oceania,Melanesia,Noumea,Dutch,Developing,XPF - CFP Franc,.nc,687,No,0,Nonmetropolitan Territory of France,Jacques Chirac,N/A,N/A,N/A,N/A,N/A,18575,289950,5000,5000,5000,30000,5000,210000,5000,5000,22,22,,11099,No Region,15.1,101.5,"$8,937.00",3.2,33965.7,1.4,26,72.6,3,26.9,70.1,15.1,102,1344,2422,-1079,-1469,1.4,70.2,2.2,2.2,79.3,73.7,22.5,14.2,0,13,N/A,N/A,N/A,93.5,526,45.9,1,215,100,100,Ferroalloys,146,NCL,-21.5,165.5
NZ,New Zealand,Oceania,Australia and New Zealand,Wellington,English,Developed,NZD - New Zealand Dollar,.nz,64,Yes,1907,Constitutional Monarchy,Elisabeth II,10,4,8,10.04,9.26,268107,5185288,90000,50000,5000,1600000,30000,2490000,70000,20000,1569,1524,22,486943,WesternPacific,17.9,96.7,"$173,417.00",3.1,38294.3,6.5,23,70.6,5.9,21.4,72.6,5.5,116,33833,36423,-2589,-5501,1.1,86.3,1,2,83.1,79.5,19.8,20.8,1.7,4.4,11,2.9,34.2,121.8,199,38.6,783,207,N/A,,Concentrated Milk,56,NZL,-41,174
NI,Nicaragua,North America,Central America,Managua,Spanish,Developing,NIO - Cordoba Oro,.ni,505,Yes,1838,Republic,Arnoldo Alemán Lacayo,45,82,121,39.98,3.55,130373,6948392,5000,5000,5000,730000,5000,4970000,5000,80000,3902,2913,123,,Americas,51.7,97.2,"$12,693.00",4.9,2086.9,18.8,26.8,54.4,24.1,14.5,61.4,6.1,130,2225,5927,-3701,-1045,1.2,58.8,2,2.3,77.5,71.4,29,8.4,0.6,20,9,0.9,45.7,116.1,144,25.9,91,26,76.5,55.7,Knit T-shirts,116,NIC,13,-85
NE,Niger,Africa,Western Africa,Niamey,French,Developing,XOF - CFA Franc BCEAO,.ne,227,Yes,1960,Republic,Mamadou Tandja,N/A,135,59,28.44,3.29,1267000,26207977,5000,15270000,5000,110000,5000,120000,5000,5000,1153,1057,69,9052,Africa,17,100.6,"$7,143.00",3.6,359,39.6,19.1,41.3,62.3,14.4,23.3,2.7,148,927,1861,-933,-1150,3.8,18.7,5.1,7.4,59.5,57.6,50.2,4.2,312.5,65.8,6,0,17,46.5,34,0.9,101,5,37.9,4.6,Gold,152,NER,16,8
NG,Nigeria,Africa,Western Africa,Abuja,English,Developing,NGN - Naira,.ng,234,Yes,1960,Federal Republic,Olusegun Obasanjo,118,92,120,39.69,4.12,923768,218541212,5000,77300000,5000,680000,90000,78050000,10000,2290000,45244,32430,930,306894,Africa,209.6,102.7,"$494,583.00",2.7,2714.5,20.9,20.4,58.8,27.9,14.7,57.4,5.4,116,104084,36533,67551,-15763,2.7,47.8,4.7,5.7,52.6,51.2,44,4.5,2437.5,76.3,3.7,0,5.6,82.2,361,8.1,10851,32,32.8,25.4,Crude Petroleum,63,NGA,10,8
NO,Norway,Europe,Nordic Countries,Oslo,Bokmål,Developed,NOK - Norwegian Krone,.no,47,Yes,1905,Constitutional Monarchy,Harald V,8,32,1,6.72,9.87,386194,5434319,20000,180000,5000,490000,10000,4140000,30000,5000,9468,8857,256,472841,Europe,14.5,101.8,"$386,578.00",1.6,74185.5,1.8,34.6,63.5,2.2,20.2,77.6,5.1,103,89120,72473,16647,33746,1.2,80.5,1.3,1.8,83.6,79.5,17.8,22.3,73.2,2.4,9.7,4.4,39.6,113.6,64,33.2,8204,233,98,98.3,Crude Petroleum,36,NOR,62,10
OM,Oman,Asia,Middle East,Muscat,Arabic,Developing,OMR - Rial Omani,.om,968,Yes,1951,Monarchy (Sultanate),Qabus ibn Sa´id,N/A,93,133,43.37,3.06,309500,4576298,150000,2390000,5000,5000,30000,180000,20000,5000,80713,70910,492,309212,EasternMediterranean,15,192.8,"$69,832.00",5.7,15550.8,1.5,51.1,47.3,5,39.6,55.4,17.8,134,24455,23260,1195,-10807,6.5,77.6,8.5,2.9,78.7,74.5,21.8,4,0.6,9.6,3.6,1.5,1.2,159.9,99,~0.0,3101,239,97.3,94.7,Crude Petroleum,55,OMN,21,57
PK,Pakistan,Asia,Southern and Central Asia,Islamabad,Urdu,Developing,PKR - Pakistan Rupee,.pk,92,Yes,1947,Republic,Mohammad Rafiq Tarar,121,130,145,46.86,4.25,796095,235824862,3330000,167410000,5000,20000,20000,2750000,20000,30000,281863,256058,6035,2058872,EasternMediterranean,255.6,105.6,"$266,458.00",5.5,1410.4,25.5,19,55.5,42.1,19.8,38.1,5.9,135,20534,46998,-26464,-1603,2.1,38.8,2.8,3.7,66.8,65,34.8,6.7,2739.4,69.8,2.6,0.8,20.6,66.9,140,2,2202,17,83.1,51.1,House Linens,67,PAK,30,70
PW,Palau,Oceania,Micronesia,Melekeok,Palauan,Developing,USD - US Dollar,.pw,680,Yes,1994,Republic,Kuniwo Nakamura,N/A,N/A,N/A,N/A,N/A,459,18055,5000,5000,5000,5000,5000,20000,5000,5000,N/A,N/A,N/A,N/A,No Region,47.2,113.3,$258.00,5.7,12122.5,3.8,8,88.2,0,0,0,0,N/A,7,154,-147,-24,0.8,87.1,1.7,2.2,77.8,68.1,20.3,13.1,0,13.3,9,0,12.5,111.5,182,87.6,N/A,172,100,100,Non-fillet Fresh Fish,208,PLW,7.5,134.5
PA,Panama,North America,Central America,Panama City,Spanish,Developing,"PAB,USD - Balboa,US Dollar",.pa,507,Yes,1903,Republic,Mireya Elisa Moscoso Rodríguez,37,41,77,29.94,7.05,75320,4408581,5000,30000,10000,170000,20000,3270000,5000,20000,71418,45658,1574,240995,Americas,55.1,100.4,"$52,132.00",5.8,13268.1,2.8,27.1,70,14.5,19.6,65.9,6.2,117,636,11697,-11061,-3377,1.7,66.6,2.1,2.6,80.5,74.3,27.4,11.4,21.5,15.2,8,1.6,18.3,174.2,383,62.3,31,35,83.5,58,Refined Petroleum,76,PAN,9,-80
PG,Papua New Guinea,Oceania,Melanesia,Port Moresby,Tok,Developing,PGK - Kina,.pg,675,Yes,1975,Constitutional Monarchy,Elisabeth II,N/A,122,47,24.88,6.03,462840,10142619,5000,5000,5000,5000,20000,6800000,5000,30000,163,53,3,10808,WesternPacific,18.2,103.5,"$21,315.00",6.6,2797.6,20.1,28.2,51.8,68.3,5.7,26,2.5,84,8760,8874,-114,5326,2.2,13,2.1,3.8,67.4,62.6,35.9,6.1,9.7,49,4.3,0,2.7,46.6,493,74.1,114,22,56.4,13.3,Petroleum Gas,136,PNG,-6,147
PY,Paraguay,South America,South America,Asuncion,Spanish,Developing,PYG - Guarani,.py,595,Yes,1811,Republic,Luis Ángel González Macchi,73,78,100,33.52,6.24,406752,6780744,5000,5000,5000,70000,10000,6250000,5000,110000,6375,4974,66,135277,Americas,17.1,102.9,"$27,714.00",3.1,4174.4,19,29.5,51.6,19.6,19.5,61,5.5,160,8494,9753,-1259,-462,1.3,59.7,2.1,2.6,74.9,70.7,29.4,9.4,0.2,28.8,9.8,1.3,13.8,105.4,59,39.4,325,38,95.5,78.4,Soybeans,91,PRY,-23,-58
PE,Peru,South America,South America,Lima,Spanish,Developing,PEN - Sol,.pe,51,Yes,1821,Republic,Valentin Paniagua Corazao,74,37,91,31.71,6.6,1285216,34049588,5000,5000,5000,860000,90000,27780000,50000,290000,455409,310337,20424,2493429,Americas,25.1,99.8,"$190,428.00",3.3,6069.1,7.6,33.3,59.2,24.4,17.3,58.3,5.3,145,36040,36185,-145,-9210,1.3,78.6,1.7,2.5,76.8,71.5,27.4,10.4,2.5,18.6,5.5,1.1,27.7,109.9,685,57.9,1020,30,82.5,53.2,Copper Ore,57,PER,-10,-76
PH,Philippines,Asia,Southeast Asia,Manila,Filipino,Developing,PHP - Philippine Peso,.ph,63,Yes,1946,Republic,Gloria Macapagal-Arroyo,60,66,138,45.64,6.64,300000,115559009,5000,5150000,5000,90000,130000,86370000,80000,1430000,119460,66837,2150,1669996,WesternPacific,351.9,101.3,"$292,449.00",5.9,2904.2,10.5,31.3,58.2,27.7,16.3,56.1,5.9,122,56313,85909,-29596,7694,1.6,44.4,1.3,3,72.1,65.4,31.7,7.6,240.2,22.2,4.7,0,29.5,118.1,783,26.2,991,19,77.9,70.8,Integrated Circuits,41,PHL,13,122
PL,Poland,Europe,Eastern Europe,Warsaw,Polish,Developed,PLN - Zloty,.pl,48,Yes,1918,Republic,Aleksander Kwasniewski,48,80,64,28.84,6.62,312679,39857145,5000,5000,10000,2150000,5000,36100000,5000,5000,49515,35642,1774,2374686,Europe,124.6,93.4,"$477,066.00",3.9,12355.5,2.6,34.1,63.3,10.9,29.6,59.5,5.3,113,196455,188518,7937,-2932,0,60.5,-0.1,1.3,81,72.9,14.8,24,23.7,4.5,6.4,2.3,28,148.7,58,30.7,2819,102,97.5,96.7,Vehicle Parts,21,POL,52,20
PT,Portugal,Europe,Southern Europe,Lisbon,Portuguese,Developed,EUR - Euro,.pt,351,Yes,1143,Republic,Jorge Sampãio,56,42,9,10.11,8.03,92226,10270865,5000,30000,5000,800000,5000,9810000,20000,10000,52061,37840,1743,1705474,Europe,112.8,89.8,"$199,122.00",1.6,19239.2,2.3,22.3,75.4,8,23.8,68.2,10.5,104,55658,67580,-11922,842,-0.4,63.5,1,1.3,83.5,77.3,13.6,27.9,1.8,2.9,9.5,4.4,34.8,110.4,281,34.9,250,84,99.6,99.8,Cars,44,PRT,39.5,-8
PR,Puerto Rico,North America,Caribbean,San Juan,Portuguese,Developing,USD - US Dollar,.pr,1,No,0,Commonwealth of the US,George W. Bush,N/A,N/A,N/A,N/A,N/A,8868,3252407,5000,5000,5000,70000,5000,3630000,10000,30000,N/A,N/A,N/A,N/A,No Region,413,92.6,"$102,906.00",-~0.0,27939,0.8,50,49.1,2,17.5,80.5,12.8,110,N/A,N/A,N/A,N/A,-0.2,93.6,-0.2,1.5,83.2,75.2,17.9,20.4,0,6.3,N/A,N/A,N/A,87.1,126,55.5,1,16,99.3,99.3,Pharmaceuticals,196,PRI,18.25,-66.5
QA,Qatar,Asia,Middle East,Doha,Arabic,Developing,QAR - Qatari Rial,.qa,974,Yes,1971,Monarchy,Hamad ibn Khalifa al-Thani,N/A,76,128,42.6,3.19,11607,2695122,240000,1190000,5000,20000,10000,240000,50000,5000,112092,108831,178,511000,EasternMediterranean,227.3,301.2,"$164,641.00",3.6,73653.4,0.2,56.4,43.5,1.2,54.1,44.7,0.3,154,57254,32058,25196,13751,6.6,99.2,6,2,79.4,76.8,13.9,2.8,1.5,7.2,2.2,2,0,153.6,39,0,9166,846,98,98,Petroleum Gas,48,QAT,25.5,51.25
KR,Republic of Korea,Asia,Eastern Asia,Pyongyang,Arabic,Developing,KPW - North Korean Won,.kp,850,Yes,N/A,No Data,No Data,N/A,N/A,N/A,N/A,N/A,100284,51815810,5000,100000,5000,22340000,110000,14170000,11050000,400000,N/A,N/A,N/A,N/A,No Region,524.3,100.2,"$1,377,873.00",2.6,27396.7,2.3,38,59.7,5,24.7,70.3,3.6,104,495418,406182,89236,105871,0.4,82.5,0.7,1.2,84.4,77.9,13.5,20.1,8,3,7.4,2.2,17,118.5,111,63.5,2023,223,100,100,Integrated Circuits,10,KOR,37,127.5
ML,Republic of Moldova,Europe,Eastern Europe,Chisinau,Arabic,Developed,MDL - Moldovan Leu,.md,373,Yes,N/A,No Data,No Data,N/A,N/A,N/A,N/A,N/A,33846,22593590,5000,14510000,5000,70000,5000,370000,5000,410000,N/A,N/A,N/A,N/A,No Region,123.3,92.2,"$6,475.00",-0.7,1591.4,13.4,20.8,65.8,28.8,30.9,40.3,5,109,2045,4020,-1975,-415,-0.1,45,-0.7,1.3,75.2,66.7,15.7,17.6,5.5,14.3,10.3,2.5,22.8,108,35,12.3,15,23,87.8,67.1,Gold,120,MLI,17,-4
RO,Romania,Europe,Eastern Europe,Bucharest,Romanian,Developed,RON - Romanian Leu,.ro,40,Yes,1878,Republic,Ion Iliescu,28,19,48,24.91,6.49,238391,19659267,5000,70000,5000,20000,5000,21380000,5000,5000,57895,28992,2566,1319369,Europe,85.5,94,"$177,956.00",3.7,9120.7,4.8,34.9,60.3,25.5,27.7,46.8,7.1,100,63581,74605,-11024,-2096,-0.6,54.6,~0.0,1.5,78.4,71.4,15.3,24.9,3.2,8.7,5.6,2.7,20.7,107.1,104,29.5,1109,68,92.2,63.3,Vehicle Parts,40,ROU,46,25
RU,Russian Federation,Europe,Eastern Europe,Moscow,Russian,Developed,RUB - Russian Ruble,.ru,7,Yes,1991,Federal Republic,Vladimir Putin,N/A,94,150,48.71,N/A,17098246,144713314,30000,14290000,230000,23180000,5000,104750000,170000,310000,N/A,N/A,N/A,N/A,No Region,8.8,86.8,"$1,326,016.00",-3.7,9243.3,4.7,31.8,63.5,6.8,27.1,66.1,5.8,120,285491,182257,103234,69000,0.1,74,-0.1,1.7,75.9,64.7,17.6,21.1,418.4,8.3,7.1,3.3,15.8,160,235,49.8,54829,208,77,58.7,Crude Petroleum,20,RUS,60,100
RW,Rwanda,Africa,Eastern Africa,Kigali,Kinyarwanda,Developing,RWF - Rwanda Franc,.rw,250,Yes,1962,Republic,Paul Kagame,N/A,81,156,50.66,3.16,26338,13776698,5000,190000,5000,380000,20000,9920000,5000,100000,2111,1258,5,286251,Africa,494.9,96.2,"$8,096.00",6.9,697.3,34.6,15.1,50.3,75,7.2,17.8,2.4,139,622,1778,-1157,-1099,2.5,28.8,6.4,4.2,67.1,63.1,40.1,4.9,155.1,44,7.5,0,61.3,70.5,62,19.2,84,8,58.5,62.9,Gold,145,RWA,-2,30
LC,Saint Lucia,North America,Caribbean,Castries,Kinyarwanda,Developing,XCD - East Caribbean Dollar,.lc,1-758,Yes,1979,Constitutional Monarchy,Elisabeth II,N/A,N/A,N/A,N/A,N/A,539,N/A,N/A,N/A,N/A,N/A,N/A,N/A,N/A,N/A,25,24,,3895,Americas,293.2,95.9,"$1,450.00",1.9,7839.4,2.7,12.9,84.4,14.8,17.6,67.6,19,69,120,654,-535,-100,0.5,18.5,0.9,1.5,77.6,72.2,18.9,13.7,0,10.9,6.7,0,16.7,101.5,62,33.4,0,33,84.7,91.9,Crude Petroleum,198,LCA,13.8833,-61.1333
VC,Saint Vincent and the Grenadines,North America,Caribbean,Kingstown,Kinyarwanda,Developing,XCD - East Caribbean Dollar,.vc,1-784,Yes,1979,Constitutional Monarchy,Elisabeth II,N/A,N/A,N/A,N/A,N/A,389,103948,5000,5000,5000,5000,5000,100000,5000,5000,N/A,N/A,N/A,N/A,No Region,281.8,101.7,$738.00,1.6,6739.2,7.5,17.2,75.3,22.1,16.1,61.8,19.1,115,47,335,-288,-210,0,50.6,0.7,2,74.9,70.7,23.8,11.7,0,16.5,8.6,0,13,103.6,58,69.2,0,29,0,0,Petroleum Gas,200,VCT,13.25,-61.2
WS,Samoa,Oceania,Polynesia,Apia,Samoan,Developing,WST - Tala,.ws,685,Yes,1962,Parlementary Monarchy,Malietoa Tanumafili II,N/A,N/A,21,19.24,N/A,2842,222382,5000,5000,5000,5000,5000,180000,5000,5000,N/A,N/A,N/A,N/A,No Region,69.4,106.6,$774.00,2.8,4006,9.3,24.2,66.6,5.3,14.8,79.8,6.5,107,56,350,-294,-44,0.8,19.1,-0.2,4.2,77.4,71.1,36.6,8.5,0,18,7.2,0,10,58.5,93,60.4,2,24,93.3,91.1,Refined Petroleum,177,WSM,-13.5833,-172.3333
ST,Sao Tome and Principe,Africa,Central Africa,Sao Tome,Kinyarwanda,Developing,STN - Dobra,.st,239,Yes,1975,Republic,Miguel Trovoada,N/A,N/A,N/A,N/A,N/A,964,227380,5000,5000,5000,20000,5000,140000,5000,5000,878,797,15,3079,Africa,212.8,99.2,$334.00,4,1752.8,12.3,14.7,73,22.2,13.5,64.3,13.6,119,10,139,-129,-69,2.2,65.1,3.6,4.7,68.2,64,42.8,4.3,0,43.8,8.1,0,18.2,65.1,94,55.8,1,14,40.8,23.3,Cocoa,187,#N/A,#N/A,#N/A
SA,Saudi Arabia,Asia,Middle East,Riyadh,Arabic,Developing,SAR - Saudi Riyal,.sa,966,Yes,1932,Monarchy,Fahd ibn Abdul-Aziz al-Sa´ud,25,86,170,62.73,1.93,2206714,36408820,310000,25520000,5000,180000,70000,1200000,90000,70000,284226,247089,3055,3635705,EasternMediterranean,15.3,132.9,"$653,219.00",3.4,20710.6,2.3,46,51.8,5.9,22.7,71.4,5.5,96,182329,135904,46426,-56724,2.8,83.1,2.1,2.7,75.6,72.7,25.2,5.6,70.2,13,4.7,2.6,19.9,176.6,131,0.5,25904,287,100,100,Crude Petroleum,31,SAU,25,45
SN,Senegal,Africa,Western Africa,Dakar,French,Developing,XOF - CFA Franc BCEAO,.sn,221,Yes,1960,Republic,Abdoulaye Wade,103,129,49,25.22,5.81,196712,17316449,5000,11980000,5000,5000,5000,450000,5000,5000,10715,7101,223,114761,Africa,82.3,96.6,"$13,633.00",6.5,901.1,15.5,24.1,60.4,51.4,20.7,27.9,9.3,126,2640,5478,-2838,-1348,3,43.7,3.6,5,67.5,63.8,42.9,4.7,17.6,43.9,4.7,0,42.7,100,123,43.2,77,11,65.4,33.8,Gold,121,SEN,14,-14
RS,Serbia,Europe,Southern Europe,Belgrade,Serbian,Developed,RSD - Serbian Dinar,.rs,381,Yes,N/A,No Data,No Data,43,84,93,32.03,6.41,88499,7221365,5000,330000,5000,260000,5000,7490000,5000,5000,27332,14047,621,723137,Europe,100.5,95.6,"$37,160.00",0.8,5238.6,8.2,31.4,60.5,19.4,24.5,56.1,15.5,102,14852,19231,-4379,-1751,-0.4,55.6,-0.3,1.6,77.5,71.8,16.5,24.5,254.1,9.8,10.4,2.5,34.4,120.5,71,31.1,393,62,98.2,94.2,Insulated Wire,69,SRB,44,21
SC,Seychelles,Africa,Eastern Africa,Victoria,Seselwa,Developing,SCR - Seychelles Rupee,.sc,248,Yes,1976,Republic,France-Albert René,N/A,72,52,25.66,N/A,457,107118,5000,5000,5000,5000,5000,90000,5000,5000,126,124,,,Africa,206,97.2,"$1,363.00",6.8,14133.2,2.7,13.6,83.8,3.6,17.9,78.2,4.1,105,335,833,-498,-256,0.5,53.9,1.1,2.4,77.9,68.7,22.2,13.3,0,10.2,3.4,1,21.2,158.1,439,88.4,0,72,98.4,98.4,Refined Petroleum,163,SYC,-4.5833,55.6667
SL,Sierra Leone,Africa,Western Africa,Freetown,English,Developing,SLL - Leone,.sl,232,Yes,1961,Republic,Ahmed Tejan Kabbah,140,133,75,29.61,4.86,72300,8605718,5000,4580000,5000,5000,5000,1230000,5000,50000,1877,1427,67,,Africa,104.7,98.1,"$4,483.00",-20.3,694.8,51.4,17.6,31.1,68,6.5,25.5,3.1,168,466,958,-492,-1317,2.3,39.9,2.7,4.8,50.7,49.6,42.1,4.2,0.8,94.4,11.1,0,12.4,89.5,177,41.3,53,11,22.8,6.9,Titanium Ore,166,SLE,8.5,-11.5
SG,Singapore,Asia,Southeast Asia,Singapore,Mandarin,Developing,SGD - Singapore Dollar,.sg,65,Yes,1965,Republic,Sellapan Rama Nathan,27,2,160,55.2,6.02,719,5975689,260000,730000,5000,830000,490000,920000,1730000,120000,54555,48031,27,1474372,WesternPacific,8155.5,97.7,"$292,734.00",2,52239,~0.0,26.4,73.6,0.3,17,82.6,2,112,329871,283009,46862,57922,1.7,100,2,1.2,84.5,80.1,15,19.5,0,2.1,4.9,1.9,23.8,146.1,293,23.1,27,209,100,0,Integrated Circuits,9,SGP,1.3667,103.8
SK,Slovakia,Europe,Eastern Europe,Bratislava,Slovak,Developed,EUR - Euro,.sk,421,Yes,1993,Republic,Rudolf Schuster,35,N/A,N/A,N/A,7.17,49035,5643453,5000,5000,5000,780000,5000,4660000,5000,5000,2480,1824,29,272322,Europe,113.3,94.6,"$87,268.00",3.8,16082.5,3.7,34.8,61.5,3.3,34.5,62.2,9.9,97,77565,75156,2409,193,0.1,53.6,-0.3,1.4,79.8,72.6,15.4,21.8,2.7,5.7,8.1,3.4,20,122.3,54,40.3,264,121,99.4,98.2,Cars,42,SVK,48.6667,19.5
SI,Slovenia,Europe,Southern Europe,Ljubljana,Slovenian,Developed,EUR - Euro,.si,386,Yes,1991,Republic,Milan Kucan,22,75,36,23.1,7.5,20273,2119844,5000,70000,5000,370000,5000,1590000,5000,5000,2223,1909,125,135702,Europe,103.3,98.6,"$42,777.00",2.3,20689.8,2.4,32.7,64.9,8.9,29.6,61.5,8.1,89,27585,26646,939,2216,0.3,49.7,0.1,1.6,83.2,77.2,15,26.3,0.6,2.5,9.2,2.8,36.7,113.2,143,62,154,135,99.1,99.1,Packaged Medicaments,58,SVN,46,15
SB,Solomon Islands,Oceania,Melanesia,Honiara,English,Developing,SBD - Solomon Islands Dollar,.sb,677,Yes,1978,Constitutional Monarchy,Elisabeth II,N/A,N/A,N/A,N/A,N/A,28896,724273,5000,5000,5000,5000,5000,520000,5000,5000,N/A,N/A,N/A,N/A,No Region,21.8,103.4,"$1,075.00",3.2,1841.6,28.2,15.6,56.3,48.1,2.4,49.5,31.4,118,437,454,-17,-36,2.1,22.3,4.2,4.1,71.1,68.3,38.8,5.4,0,30,5.1,0.2,2,72.7,245,78.3,3,11,81.4,15,Rough Wood,171,SLB,-8,159
SO,Somalia,Africa,Eastern Africa,Mogadishu,Somali,Developing,SOS - Somali Shilling,.so,252,Yes,1960,Republic,Abdiqassim Salad Hassan,N/A,130,161,55.47,N/A,637657,17597511,5000,9310000,5000,5000,5000,5000,5000,5000,3227,1728,93,,EasternMediterranean,23.5,99.3,"$1,559.00",2.7,144.5,60.2,7.4,32.5,72,4.8,23.2,6.6,112,925,530,394,N/A,2.9,39.6,4.1,6.6,56.5,53.3,46.4,4.4,1168.4,79.5,N/A,~0.0,24.2,52.5,175,10.3,129,12,52,6.3,Gold,161,SOM,10,49
ZA,South Africa,Africa,Southern Africa,Pretoria,IsiZulu,Developing,ZAR - Rand,.za,27,Yes,1910,Republic,Thabo Mbeki,91,99,32,21.59,7.24,1221037,59893885,570000,860000,70000,7450000,170000,40710000,100000,210000,538184,387316,9604,3149807,Africa,46.8,96.4,"$314,571.00",1.3,5773,2.4,28.9,68.7,6.1,26.2,67.7,26,125,74111,74744,-633,-13644,1.4,64.8,1.6,2.6,63,56.1,29,8.4,1201.9,36.5,8.8,0.8,42.2,159.3,581,7.6,7102,122,69.6,60.5,Gold,39,ZAF,-29,24
SS,South Sudan,Africa,Eastern Africa,Juba,English,Developing,SSP - South Sudanese Pound,,211,Yes,N/A,No Data,No Data,N/A,N/A,139,45.78,N/A,658841,10913164,5000,610000,5000,50000,5000,6010000,5000,3270000,2450,1175,47,12044,Africa,20.6,100.4,"$13,167.00",2,1067,4.6,58,37.4,N/A,N/A,N/A,0,N/A,2389,750,1640,-935,3.3,18.8,5.1,5.2,56,54.1,41.7,5.1,2231.2,77.7,2.7,N/A,28.5,23.9,49,N/A,337,2,16.4,4.5,Crude Petroleum,124,SSD,8,30
ES,Spain,Europe,Southern Europe,Madrid,Castilian,Developed,EUR - Euro,.es,34,Yes,1492,Constitutional Monarchy,Juan Carlos I,29,28,29,20.44,8.18,505944,47558630,20000,980000,60000,8740000,10000,36240000,5000,20000,354530,,28500,7064329,Europe,92.9,96.2,"$1,192,955.00",3.2,25865.4,2.6,23.6,73.7,3.9,19.2,76.8,18.3,102,281777,302539,-20762,16208,-0.2,79.6,0.7,1.3,85.3,79.6,14.7,25.3,28.8,2.9,9,3.8,39.1,107.9,617,36.8,1432,102,99.8,100,Cars,19,ESP,40,-4
LK,Sri Lanka,Asia,Southern and Central Asia,Colombo,Sinhala,Developing,LKR - Sri Lanka Rupee,.lk,94,Yes,1948,Republic,Chandrika Kumaratunga,127,89,127,42.2,6.27,65610,21832143,2830000,2040000,5000,5000,5000,1530000,14450000,5000,2839,2541,11,166737,South-EastAsia,332.9,92.5,"$82,316.00",4.8,3973.7,8.7,30.7,60.6,27.4,25.9,46.6,5.2,120,10546,19501,-8955,-2009,0.5,18.4,0.8,2.1,78,71.2,24,14.9,44.2,8.2,3.5,0,5.8,112.8,587,33.1,179,20,88.1,96.7,Tea,88,LKA,7,81
PL,State of Palestine,Middle East,Western Asia,East Jerusalem,Sinhala,Developing, - No universal currency,.ps,970,No,0,Autonomous Area,Yasser (Yasir) Arafat,N/A,N/A,N/A,N/A,N/A,6020,39857145,5000,5000,10000,2150000,5000,36100000,5000,5000,N/A,N/A,N/A,N/A,No Region,817.4,102.9,"$12,677.00",3.5,2715.5,4.8,23.4,71.9,8.7,29.8,61.5,24.2,90,929,5058,-4128,-1713,2.7,75.3,2.8,4.2,74.8,71.1,39.6,4.6,0,20,N/A,N/A,N/A,77.6,31,1.5,9,15,93,90.2,Vehicle Parts,21,POL,52,20
SD,Sudan,Africa,Northern Africa,Khartoum,Arabic,Developing,SDG - Sudanese Pound,.sd,249,Yes,1956,Islamic Republic,Omar Hassan Ahmad al-Bashir,N/A,164,159,52.93,2.7,N/A,46874204,5000,30490000,5000,350000,5000,1810000,5000,950000,11780,6194,763,401,EasternMediterranean,23,99.9,"$79,546.00",4.9,1977,32.4,20.1,47.6,32.9,20.4,46.7,13.4,N/A,1797,7658,-5861,-5933,2.3,33.8,2.5,4.8,65.1,62.1,40.8,5.5,3619.6,48.7,8.4,3.1,30.5,70.5,133,N/A,682,16,N/A,,Gold,185,SDN,15,30
SR,Suriname,South America,South America,Paramaribo,Dutch,Developing,SRD - Surinam Dollar,.sr,597,Yes,1975,Republic,Ronald Venetiaan,N/A,143,19,16.95,6.98,163820,618040,100000,80000,5000,30000,5000,270000,5000,30000,2096,1446,29,2785,Americas,3.6,100.7,"$4,879.00",-2.7,8985.3,11.4,27.4,61.1,3.4,22.3,74.3,9.9,152,1437,1244,193,-808,1,66,0.8,2.5,74.2,67.8,26.4,10.4,0,17.4,5.7,0,25.5,180.7,83,98.3,44,62,88.4,61.4,Gold,142,SUR,4,-56
ES,Eswatini,Africa,Southern Africa,Mbabane,English,Developing,SZL - Lilangeni,.sz,268,Yes,1968,Monarchy,Mswati III,N/A,N/A,141,46.34,N/A,17363,47558630,20000,980000,60000,8740000,10000,36240000,5000,20000,N/A,N/A,N/A,N/A,No Region,79.5,93.9,"$4,133.00",1.7,3211.7,6.6,42.1,51.3,22,17,61,25.1,114,1881,733,1149,281,1.8,21.3,1.3,3.3,58.2,51.6,37.2,4.8,1.1,56.3,9.3,0,6.2,73.2,34,33.8,39,40,63.1,56,Cars,19,ESP,40,-4
SE,Sweden,Europe,Nordic Countries,Stockholm,Swedish,Developed,SEK - Swedish Krona,.se,46,Yes,836,Constitutional Monarchy,Carl XVI Gustaf,7,33,3,7.24,9.39,438574,10549347,20000,430000,10000,2540000,20000,6310000,40000,20000,81967,,5766,863315,Europe,24.2,100.2,"$495,694.00",4.1,50687.5,1.3,26.3,72.4,1.8,18.2,79.9,7.3,100,139574,140838,-1263,23250,0.8,85.8,0.8,1.9,83.7,80,17.5,25.5,348.5,2.4,11.9,4.1,43.6,130.4,54,68.9,1428,206,99.2,99.6,Cars,26,SWE,62,15
CH,Switzerland,Europe,Western Europe,Bern,German,Developed,CHF - Swiss Franc,.ch,41,Yes,1499,Federation,Adolf Ogi,4,3,10,10.55,9.03,41291,8740472,40000,380000,20000,1600000,10000,5570000,40000,5000,36108,31600,1985,822764,Europe,214.5,98.2,"$670,790.00",0.8,80831.1,0.7,25.5,73.8,3.5,20.4,76.1,4.6,106,304691,269157,35534,77378,1.2,73.9,1.1,1.5,84.8,80.5,14.9,24.1,110.1,3.9,11.7,4.1,32.5,142,74,31.6,552,126,99.9,99.8,Gold,15,CHE,47,8
SY,Syrian Arab Republic,Middle East,Western Asia,Damascus,Arabic,Developing,SYP - Syrian Pound,.sy,963,Yes,N/A,No Data,No Data,N/A,162,173,70.63,N/A,185180,22125249,5000,18930000,5000,420000,5000,1060000,5000,5000,N/A,N/A,N/A,N/A,No Region,99.5,102.1,"$28,393.00",-5.3,1534.5,20.7,30,49.3,18.5,39.2,42.3,13.8,65,1265,2383,-1118,0,-2.3,57.7,1.4,3.1,76.3,64.4,36.6,6.8,6768.5,17.9,3.3,1.5,13.2,62.4,132,2.7,237,24,96.2,95.1,Pure Olive Oil,134,SYR,35,38
TJ,Tajikistan,Asia,Southern and Central Asia,Dushanbe,Tajik,Developing,TJS - Somoni,.tj,992,Yes,1991,Republic,Emomali Rahmonov,83,95,162,55.52,1.93,142600,9952787,5000,6650000,5000,100000,5000,110000,5000,5000,7665,6443,62,,Europe,63.7,100.9,"$7,853.00",4.2,925.9,25,28,47.1,57.2,13.4,29.4,10.8,155,899,3030,-2132,-472,2.2,26.8,2.6,3.5,73.5,67.7,35.3,5.8,21.8,38.9,6.9,1.7,19,98.6,45,3,76,14,93.8,95.5,Gold,153,TJK,39,71
TH,Thailand,Asia,Southeast Asia,Bangkok,Thai,Developing,THB - Baht,.th,66,Yes,1350,Constitutional Monarchy,Bhumibol Adulyadej,61,86,137,45.22,6.32,513120,71697030,70000,3770000,5000,190000,5000,600000,64420000,60000,3330,3148,58,749213,South-EastAsia,135.1,95.2,"$395,168.00",2.8,5814.8,9.1,35.7,55.1,34,22.7,43.3,0.6,129,213927,195666,18260,32149,0.4,50.4,3,1.5,78.4,70.8,17.3,16.9,554.1,11.2,4.1,0,4.9,125.8,611,32,3338,83,89.9,96.1,Office Machine Parts,24,THA,15,100
MK,The former Yugoslav Republic of Macedonia,Europe,Southern Europe,Skopje,Thai,Developed,MKD - Denar,.mk,389,Yes,N/A,No Data,No Data,N/A,N/A,N/A,N/A,N/A,25713,N/A,N/A,N/A,N/A,N/A,N/A,N/A,N/A,N/A,N/A,N/A,N/A,N/A,No Region,82.6,100,"$10,052.00",3.8,4836.1,12,27.9,65.1,16.2,29.2,54.5,27.3,111,4785,6757,-1972,-204,0.1,57.1,0.1,1.5,77.2,73.2,16.7,19.5,1.4,9,6.5,2.8,31.7,105.4,110,39.6,53,53,97.2,82.6,Tobacco,82,#N/A,#N/A,#N/A
TL,Timor-Leste,Asia,South East Asia,Dili,Thai,Developing,USD - US Dollar,.tl,670,Yes,N/A,No Data,No Data,N/A,136,71,29.11,N/A,14919,1341296,5000,5000,5000,5000,5000,1120000,5000,5000,25,24,,4238,South-EastAsia,87.2,103.2,"$2,873.00",4.3,2425.4,5.2,79.9,14.9,50.8,2,47.2,4.3,111,94,647,-553,238,2.2,32.8,3.8,5.9,69.5,66.1,43.6,5.4,0,43.9,1.5,0.1,38.5,117.4,24,46.9,143,7,69,26.8,Crude Petroleum,155,TLS,-8.55,125.5167
TG,Togo,Africa,Western Africa,Lome,French,Developing,XOF - CFA Franc BCEAO,.tg,228,Yes,1960,Republic,Gnassingbé Eyadéma,135,121,74,29.59,3.3,56785,8848699,5000,840000,5000,370000,30000,2640000,5000,2150000,1012,697,22,45767,Africa,143.4,99.4,"$4,086.00",5.5,559.4,45.7,19.7,34.6,62.5,8.7,28.7,6.8,140,715,1716,-1001,-461,2.6,40,3.8,4.7,59.8,58.3,41.6,4.6,13.8,55.7,5.2,0,17.6,65,80,3.8,111,20,24.7,2.9,Refined Petroleum,151,TGO,8,1.1667
TO,Tonga,Oceania,Polynesia,Nuku'alofa,Tongan,Developing,TOP - Paâ€™anga,.to,676,Yes,1970,Monarchy,Taufa'ahau Tupou IV,N/A,N/A,46,24.59,N/A,747,106858,5000,5000,5000,5000,5000,100000,5000,5000,N/A,N/A,N/A,N/A,No Region,150,100.7,$402.00,3.8,3784.5,22.4,21.5,56.1,33.3,28.2,38.5,4.8,134,14,209,-196,-33,0.4,23.7,0.7,3.8,75.6,69.6,35.8,8.5,0,20.6,5.2,0,3.8,65.6,79,12.5,0,15,97.6,89,Other Vegetables,186,TON,-20,-175
TT,Trinidad and Tobago,North America,Caribbean,Port of Spain,English,Developing,TTD - Trinidad and Tobago Dollar,.tt,1-868,Yes,1962,Republic,Arthur N. R. Robinson,N/A,72,31,21.55,7.16,5127,1531044,300000,80000,5000,30000,20000,880000,5000,30000,210,135,8,9559,Americas,266.9,97.1,"$25,927.00",0.2,19062.9,0.5,42.5,57,4.1,31.6,64.3,4.2,95,4576,4826,-249,0,0.5,8.4,-1.2,1.8,73.8,66.9,20.7,15,0.2,24.8,5.9,0,31,157.7,69,45.4,1663,607,91.5,91.5,Petroleum Gas,197,TTO,11,-61
TN,Tunisia,Africa,Northern Africa,Tunis,Arabic,Developing,TND - Tunisian Dinar,.tn,216,Yes,1956,Republic,Zine al-Abidine Ben Ali,120,128,73,29.53,6.72,163610,12356117,5000,10430000,5000,20000,5000,20000,5000,5000,1642,1241,51,100298,EasternMediterranean,74.2,97.6,"$41,199.00",0.8,3660.9,10.3,27.8,62,11.7,29.4,58.9,14.6,108,13483,19456,-5973,-3850,1.2,66.8,1.4,2.3,77.1,73,24,12.3,0.7,18.5,7,1.6,31.3,129.9,96,6.6,274,39,97.4,79.8,Insulated Wire,80,TUN,34,9
TR,Turkey,Asia,Middle East,Ankara,Turkish,Developing,TRY - Turkish Lira,.tr,90,Yes,1923,Republic,Ahmet Necdet Sezer,112,112,153,49.79,4.09,783562,85341241,5000,71330000,20000,860000,150000,320000,40000,20000,237265,220546,5798,5081802,Europe,104.9,97,"$717,888.00",4,9125.8,8.6,26.4,65,19.6,27.5,52.9,10.8,120,142606,198602,-55996,-32278,1.6,73.4,2,2.1,78.1,71.5,25,12,3006.3,12.6,5.4,1.7,14.9,96,388,15.1,1303,65,98.3,85.5,Cars,29,TUR,39,35
TM,Turkmenistan,Asia,Southern and Central Asia,Ashgabat,Turkmen,Developing,TMT - Turkmenistan New Manat,.tm,993,Yes,1991,Republic,Saparmurad Nijazov,N/A,N/A,178,80.03,1.72,488100,6430770,5000,4690000,5000,30000,5000,320000,5000,5000,N/A,N/A,N/A,N/A,No Region,12.3,97,"$37,597.00",6.5,6996.7,13.4,51,35.6,17.9,37.4,44.7,8.6,103,3741,2616,1125,N/A,1.8,50,1.9,3,70.8,63.9,30.9,7.3,7.2,46.9,2.1,2.3,25.8,145.9,54,8.8,3270,212,0,0,Petroleum Gas,94,TKM,40,60
TC,Turks and Caicos Islands,North America,Caribbean,Cockburn Town,Turkmen,Developing,USD - US Dollar,.tc,1-649,No,0,Dependent Territory of the UK,Elisabeth II,N/A,N/A,N/A,N/A,N/A,948,45703,5000,5000,5000,5000,5000,30000,5000,5000,N/A,N/A,N/A,N/A,No Region,37.3,104.1,$863.00,4.1,25121.8,0.6,10.4,89,0,0,0,0,N/A,4,389,-385,N/A,2,92.2,2.5,N/A,77.8,75.8,19.2,7.6,0,N/A,N/A,N/A,N/A,N/A,60,36.2,0,86,0,0,Plastic Building Materials,204,TCA,21.75,-71.5833
UG,Uganda,Africa,Eastern Africa,Kampala,English,Developing,UGX - Uganda Shilling,.ug,256,Yes,1962,Republic,Yoweri Museveni,117,60,125,41.19,5.02,241550,47249585,100000,3840000,5000,170000,40000,28980000,5000,290000,1223,1102,5,288367,Africa,214.5,99,"$25,282.00",5.4,647.7,25.6,21.5,52.9,72,7.4,20.5,2.4,93,2755,3750,N/A6,-2353,3.4,16.1,5.4,5.9,60.7,56.5,47.7,3.3,727.1,60.2,7.2,0,34.3,50.4,196,11,409,12,28.5,17.3,Gold,114,UGA,1,32
UA,Ukraine,Europe,Eastern Europe,Kyiv,Ukrainian,Developed,UAH - Hryvnia,.ua,380,Yes,1991,Republic,Leonid Kutma,98,126,97,32.96,5.9,603500,39701739,10000,560000,50000,6690000,5000,38100000,20000,5000,76808,42524,1819,1116641,Europe,76.3,86,"$90,615.00",-9.9,2021.6,14,26.3,59.7,15.7,24.6,59.7,8.8,137,36369,39184,-2815,-189,-0.5,69.7,-0.3,1.5,76,66.1,15.5,23.2,1644.8,8.8,7.1,3,12.3,144,102,16.6,3203,98,97.4,92.6,Corn,50,UKR,49,32
AE,United Arab Emirates,Asia,Middle East,Abu Dhabi,Arabic,Developing,AED - UAE Dirham,.ae,971,Yes,1971,Emirate Federation,Zayid bin Sultan al-Nahayan,24,49,131,43.13,N/A,83600,9441129,490000,5780000,5000,90000,60000,940000,150000,5000,N/A,N/A,N/A,N/A,No Region,112.4,262.4,"$370,296.00",3.8,40438.8,0.7,44.9,54.4,3.5,21.1,75.4,3.7,70,195613,201908,-6296,N/A,2,85.5,2.9,1.8,78.2,76,13.9,2.4,1.3,6.2,3.6,1.6,20,187.4,56,3.8,8642,366,98,95.2,Crude Petroleum,18,ARE,24,54
GB,United Kingdom,Europe,British Islands,Northern Europe,English,Developed,NIR - UK Dollar,.uk,44,No,0,Constitutional Monarchy,Elisabeth II,17,22,33,21.59,N/A,242495,67508936,890000,2960000,290000,17220000,460000,39890000,280000,60000,N/A,N/A,N/A,N/A,No Region,273.6,97.4,"$2,858,003.00",2.2,44162.4,0.7,19.4,79.9,1.2,18.4,80.4,5,108,415856,635570,-219713,-122571,0.6,82.6,0.9,1.9,82.8,79,17.7,23.9,151.7,4.1,9.1,2.8,30,125.8,102,12.9,4482,116,99.1,99.6,Cars,5,GBR,54,-2
TZ,United Republic of Tanzania,Africa,Eastern Africa,Dodoma,English,Developing,TZS - Tanzanian Shilling,.tz,255,Yes,N/A,No Data,No Data,N/A,N/A,N/A,N/A,N/A,947303,65497748,50000,15770000,5000,650000,30000,27540000,5000,800000,N/A,N/A,N/A,N/A,No Region,64.7,97.8,"$45,628.00",7,877.3,31.1,26.1,42.9,66.9,6.4,26.7,2.7,176,4742,7876,-3134,-3312,3.1,31.6,5.4,5.2,64.8,60.8,44.9,4.7,402.1,44,5.6,~0.0,36.4,75.9,1082,52.4,935,20,31.3,8.3,Gold,95,TZA,-6,35
US,United States of America,North America,North America,Washington,English,Developed,USD - US Dollar,.us,1,Yes,N/A,Federal Republic,George W. Bush,16,7,N/A,N/A,N/A,9833517,338289857,1790000,2770000,5690000,50980000,1900000,243060000,3570000,630000,5032179,2576668,162804,63139605,Americas,35.5,98,"$18,036,648.00",2.6,56053.8,1,19.7,79.3,1.5,17.2,81.3,4.9,111,1453167,2249661,-796494,-462961,0.7,81.6,1,1.9,81.2,76.5,18.9,21.5,616.5,6,17.1,2.6,19.1,117.6,1513,33.9,83887,289,100,100,Refined Petroleum,2,USA,38,-97
UY,Uruguay,South America,South America,Montevideo,Spanish,Developing,UYU - Peso Uruguayo,.uy,598,Yes,1828,Republic,Jorge Batlle Ibáñez,30,68,18,16.38,8.38,173626,3422794,5000,5000,5000,1370000,5000,1950000,5000,30000,1318,1079,37,126956,Americas,19.8,93.5,"$53,442.00",1,15573.8,6.8,28,65.2,8.7,20.5,70.8,8.8,129,6964,8137,-1173,-1141,0.3,95.3,0.5,2,80.4,73.2,21.1,19.5,0.5,12.7,8.6,0,20.2,160.2,106,10.4,113,58,96.6,92.6,Sulfate Chemical Woodpulp,87,URY,-33,-56
UZ,Uzbekistan,Asia,Southern and Central Asia,Tashkent,Uzbek,Developing,UZS - Uzbekistan Sum,.uz,998,Yes,1991,Republic,Islam Karimov,53,N/A,157,50.74,2.01,448969,34627652,5000,26550000,10000,220000,5000,630000,10000,10000,28315,19291,175,1377915,Europe,75,99.4,"$69,004.00",6.8,2308.3,19.2,32.9,47.9,29,23.9,47.1,8.9,158,27947,25652,2295,N/A,1.6,36.4,1.4,2.4,73.5,68.1,28,7.6,86.7,31.3,5.8,2.5,16,73.3,59,7.6,2339,62,100,100,Gold,84,UZB,41,64
VU,Vanuatu,Oceania,Melanesia,Port Vila,Bislama,Developing,VUV - Vatu,.vu,678,Yes,1980,Republic,John Bani,N/A,N/A,N/A,N/A,N/A,12189,326740,5000,5000,5000,5000,5000,220000,5000,5000,N/A,N/A,N/A,N/A,No Region,22.7,102.4,$737.00,-1,2783,26.7,8.4,64.9,61.4,6.8,31.8,5.3,123,50,416,-366,-82,2.3,26.1,3.4,3.4,73.6,69.4,35.9,6.7,0,24.3,5,0.2,0,66.2,137,36.1,1,12,65.1,55.4,Non-fillet Frozen Fish,181,VUT,-16,167
VZ,Venezuela,South America,South America,Caracas,Spanish,Developing,VES - BolÃ­var,.ve,58,Yes,1811,Federal Republic,Hugo Chávez Frías,108,N/A,N/A,N/A,2.88,912050,0,0,0,0,0,0,0,0,0,22299,12146,195,1567431,Americas,36.3,99,"$344,331.00",-6.2,11068.9,5.3,44.7,50,11.9,26.8,61.3,6.6,118,19731,16324,3407,-20360,1.4,89,1.5,2.4,78.2,69.9,27.6,9.9,174.2,13.8,5.3,0,22.2,93,328,53.1,7460,90,97.5,69.9,Food Products,113,#N/A,#N/A,#N/A
VN,CV,Asia,South East Asia,Hanoi,Spanish,Developing,VND - Dong,.vn,84,Yes,1945,Socialistic Republic,Trân Duc Luong,77,113,175,78.46,3.08,330967,98186856,5000,160000,5000,26040000,350000,7170000,14380000,39750000,747,392,10,482456,WesternPacific,308.1,98,"$193,241.00",6.7,2067.9,18.9,37,44.2,41.8,22.9,35.2,2.2,136,176632,174111,2520,906,1.1,33.6,3,2,80.3,70.7,23.1,11.1,11,19.3,7.1,1.2,26.7,130.6,616,47.2,2977,30,94.4,69.7,Broadcasting Equipment,23,VNM,16,106
YE,Yemen,Asia,Middle East,Sanaa,Arabic,Developing,YER - Yemeni Rial,.ye,967,Yes,1918,Republic,Ali Abdallah Salih,N/A,N/A,N/A,N/A,1.95,527968,33696614,150000,23830000,5000,20000,5000,40000,5000,5000,1768,898,508,120,EasternMediterranean,53.5,102.1,"$29,688.00",-28.1,1106.4,14.7,36.9,48.4,32.9,17.9,49.2,16.1,136,570,6861,-6291,-3026,2.6,34.6,4,4.4,65.6,62.8,39.9,4.6,3371.4,47.2,5.6,0.3,0,68,298,1,668,12,92.5,34.1,Crude Petroleum,154,YEM,15,48
ZM,Zambia,Africa,Eastern Africa,Lusaka,English,Developing,ZMW - Zambian Kwacha,.zm,260,Yes,1964,Republic,Frederick Chiluba,137,98,115,38.21,5.09,752612,20017675,10000,70000,5000,70000,120000,12770000,5000,40000,7164,5786,199,90307,Africa,23,98.5,"$21,255.00",2.9,1311.1,8.2,32.3,59.5,54.8,9.9,35.3,7.4,179,6505,7442,-937,-768,3,40.9,4.3,5.2,61.9,57.5,44.8,3.7,55.3,53.8,5,0.2,18,74.5,88,65.6,374,26,55.6,35.7,Raw Copper,97,ZMB,-15,30
ZW,Zimbabwe,Africa,Eastern Africa,Harare,English,Developing,ZWL - Zimbabwe Dollar,.zw,263,Yes,1980,Republic,Robert G. Mugabe,144,163,130,43.12,3.16,390757,16320537,5000,110000,10000,990000,40000,10930000,5000,480000,4339,1264,84,140421,Africa,42.7,95,"$13,893.00",1.1,890.4,13,30.5,56.5,67.5,7.3,25.2,5,99,2832,5212,-2379,-1521,2.3,32.4,2.3,4,59,56.1,41.2,4.2,308.6,46.5,6,0.1,32.6,84.8,89,37.2,482,30,49.3,30.8,Gold,108,ZWE,-20,30